Sequence,EnergyScore,Fluorescence,FluorStdDev,PercentGpa,PercentGpaStdDev,MaltosePercentDiff,Dimer,Monomer,DimerDiff,VDWDimer,VDWDiff,HBONDDimer,HBONDDiff,IMM1Dimer,IMM1Diff,SequenceProbability,DimerSasa,MonomerSasa,startXShift,xShift,xShiftDiff,startCrossingAngle,crossingAngle,crossingAngleDiff,startAxialRotation,axialRotation,axialRotationDiff,startZShift,zShift,zShiftDiff,StartSequence,Interface,BackboneLength,runNumber,DesignDir,SegmentNumber,numInterface
LLLTLLYTLLTVLLALLLILI,-28.7006,76017.35658844867,971.4985009630734,69.22972791502049,0.884752902625187,-100.0,-415.272,-386.571,-3.38801,-81.8314,9.95931,-79.7679,-14.2031,-253.672,0.855766,3.2546e-05,3934.23,4662.06,9.588,9.23611,0.351886,-23.9398,-26.1965,2.25666,27.9816,25.1819,2.79967,4.13755,5.6862,-1.54865,LLLTLLYLLLTVLLALLLILI,L-LT--YT--TV--A--LI-I,21,664,/data02/gloiseau/Sequence_Design_Project/vdwSequenceDesign/sequenceDesign/12_06_2021/design_1588/LLLTLLYLLLTVLLALLLILI/backboneOptimization/LLLTLLYTLLTVLLALLLILI.pdb,13,x02367101114171820
LLLALLTTLLTFLLALLLILI,-25.6522,70419.36898978594,5017.962738788135,64.13158749394236,4.569906277782909,-100.0,-408.132,-382.48,-4.11445,-64.2758,-2.94915,-94.3558,-2.84217e-14,-249.5,-1.1653,4.88191e-05,3866.23,4602.29,9.31556,9.29578,0.0197763,-21.8397,-18.1765,-3.66317,29.931,28.8804,1.05059,3.10311,5.00905,-1.90594,LLLALLTTLLTFLLGLLLILI,L-LA--TT--TF--A--LI-I,21,806,/data02/gloiseau/Sequence_Design_Project/vdwSequenceDesign/sequenceDesign/12_06_2021/design_1901/LLLALLTTLLTFLLGLLLILI/backboneOptimization/LLLALLTTLLTFLLALLLILI.pdb,14,x02367101114171820
LLLALLYTLLTFLLGLLLILI,-22.7255,88552.7021128014,17800.395358425445,80.64578602224991,16.210988947106397,-100.0,-390.136,-367.41,13.8816,-58.7505,2.57617,-80.6697,13.6861,-250.716,-2.38067,0.000110803,3903.49,4711.87,9.31556,9.29578,0.0197763,-21.8397,-18.1765,-3.66317,29.931,28.8804,1.05059,3.10311,5.00905,-1.90594,LLLALLTTLLTFLLGLLLILI,L-LA--YT--TF--G--LI-I,21,806,/data02/gloiseau/Sequence_Design_Project/vdwSequenceDesign/sequenceDesign/12_06_2021/design_1901/LLLALLTTLLTFLLGLLLILI/backboneOptimization/LLLALLYTLLTFLLGLLLILI.pdb,14,x02367101114171820
LLLTLLFLLLTVLLALLLILI,-21.8912,80639.14416559941,23279.24236699282,73.43883371410044,21.200626902351743,-100.0,-410.918,-389.027,0.965676,-92.7436,-0.95288,-65.5648,4.26326e-14,-252.61,1.91856,0.000147251,3909.38,4685.52,9.588,9.23611,0.351886,-23.9398,-26.1965,2.25666,27.9816,25.1819,2.79967,4.13755,5.6862,-1.54865,LLLTLLYLLLTVLLALLLILI,L-LT--FL--TV--A--LI-I,21,664,/data02/gloiseau/Sequence_Design_Project/vdwSequenceDesign/sequenceDesign/12_06_2021/design_1588/LLLTLLYLLLTVLLALLLILI/backboneOptimization/LLLTLLFLLLTVLLALLLILI.pdb,13,x02367101114171820
LLLTLLYLLLTVLLALLLILI,-21.2066,90473.59103015334,6525.060593262519,82.39515778511203,5.942434593538989,-100.0,-411.884,-390.677,-12.2336,-91.7907,-2.1665,-65.5648,-4.533,-254.528,-5.53411,5.54014e-05,3972.27,0.0,9.588,9.23611,0.351886,-23.9398,-26.1965,2.25666,27.9816,25.1819,2.79967,4.13755,5.6862,-1.54865,LLLTLLYLLLTVLLALLLILI,L-LT--YL--TV--A--LI-I,21,664,/data02/gloiseau/Sequence_Design_Project/vdwSequenceDesign/sequenceDesign/12_06_2021/design_1588/LLLTLLYLLLTVLLALLLILI/backboneOptimization/LLLTLLYLLLTVLLALLLILI.pdb,13,x02367101114171820
LLLALLFTLLTFLLGLLLILI,-21.061,72411.18043058731,13984.05959164351,65.94554907183887,12.735415754038778,-88.28829705438544,-385.771,-364.71,18.2467,-55.7625,5.56409,-80.6697,13.6861,-249.338,-1.00348,0.000147251,3883.96,4682.04,9.31556,9.29578,0.0197763,-21.8397,-18.1765,-3.66317,29.931,28.8804,1.05059,3.10311,5.00905,-1.90594,LLLALLTTLLTFLLGLLLILI,L-LA--FT--TF--G--LI-I,21,806,/data02/gloiseau/Sequence_Design_Project/vdwSequenceDesign/sequenceDesign/12_06_2021/design_1901/LLLALLTTLLTFLLGLLLILI/backboneOptimization/LLLALLFTLLTFLLGLLLILI.pdb,14,x02367101114171820
LLLTLLYALLTVLLALLLILI,-19.2421,0.0,0.0,0.0,0.0,-100.0,-400.446,-381.204,11.4377,-84.0436,7.74707,-65.9319,-0.36711,-250.47,4.05777,6.25323e-05,3946.62,4654.8,9.588,9.23611,0.351886,-23.9398,-26.1965,2.25666,27.9816,25.1819,2.79967,4.13755,5.6862,-1.54865,LLLTLLYLLLTVLLALLLILI,L-LT--YA--TV--A--LI-I,21,664,/data02/gloiseau/Sequence_Design_Project/vdwSequenceDesign/sequenceDesign/12_06_2021/design_1588/LLLTLLYLLLTVLLALLLILI/backboneOptimization/LLLTLLYALLTVLLALLLILI.pdb,13,x02367101114171820
LLLALLSTLLTFLLGLLLILI,-18.8996,73390.26705607737,14061.954731944988,66.83721255146862,12.806355597398092,-100.0,-406.677,-387.778,-2.66012,-63.5996,-2.27295,-95.8828,-1.52699,-247.195,1.13981,0.000259512,3912.98,4591.37,9.31556,9.29578,0.0197763,-21.8397,-18.1765,-3.66317,29.931,28.8804,1.05059,3.10311,5.00905,-1.90594,LLLALLTTLLTFLLGLLLILI,L-LA--ST--TF--G--LI-I,21,806,/data02/gloiseau/Sequence_Design_Project/vdwSequenceDesign/sequenceDesign/12_06_2021/design_1901/LLLALLTTLLTFLLGLLLILI/backboneOptimization/LLLALLSTLLTFLLGLLLILI.pdb,14,x02367101114171820
LLLALLTTLLTFLLGLLLILI,-16.2193,74368.5995447588,9634.68993292494,67.72818923155135,8.774403538038005,-82.74024477343971,-404.017,-387.798,-8.26035,-61.3266,-1.61954,-94.3558,-0.0202881,-248.335,-6.61992,8.6504e-05,3947.9,0.0,9.31556,9.29578,0.0197763,-21.8397,-18.1765,-3.66317,29.931,28.8804,1.05059,3.10311,5.00905,-1.90594,LLLALLTTLLTFLLGLLLILI,L-LA--TT--TF--G--LI-I,21,806,/data02/gloiseau/Sequence_Design_Project/vdwSequenceDesign/sequenceDesign/12_06_2021/design_1901/LLLALLTTLLTFLLGLLLILI/backboneOptimization/LLLALLTTLLTFLLGLLLILI.pdb,14,x02367101114171820
LLLYLLTTLLTFLLGLLLILI,-9.24881,100877.84613764525,8073.017657482071,91.87041162943709,7.352173779291442,-100.0,-379.352,-370.103,24.6653,-32.4637,28.863,-94.4429,-0.0871019,-252.445,-4.11051,2.88347e-05,3883.14,4748.8,9.31556,9.29578,0.0197763,-21.8397,-18.1765,-3.66317,29.931,28.8804,1.05059,3.10311,5.00905,-1.90594,LLLALLTTLLTFLLGLLLILI,L-LY--TT--TF--G--LI-I,21,806,/data02/gloiseau/Sequence_Design_Project/vdwSequenceDesign/sequenceDesign/12_06_2021/design_1901/LLLALLTTLLTFLLGLLLILI/backboneOptimization/LLLYLLTTLLTFLLGLLLILI.pdb,14,x02367101114171820
LLLSLLYLLLTVLLALLLILI,-6.39983,80633.91378655988,5232.893142176673,73.43407035828211,4.765645435457265,-100.0,-409.169,-402.769,2.71446,-92.0413,-0.250608,-63.421,2.14378,-253.707,0.82129,0.000110803,3948.51,4721.17,9.588,9.23611,0.351886,-23.9398,-26.1965,2.25666,27.9816,25.1819,2.79967,4.13755,5.6862,-1.54865,LLLTLLYLLLTVLLALLLILI,L-LS--YL--TV--A--LI-I,21,664,/data02/gloiseau/Sequence_Design_Project/vdwSequenceDesign/sequenceDesign/12_06_2021/design_1588/LLLTLLYLLLTVLLALLLILI/backboneOptimization/LLLSLLYLLLTVLLALLLILI.pdb,13,x02367101114171820
