Sequence,Type,Mutant Type,Position,WT Sequence,Fluor Difference
YFLLALLLITLLGSL,Mutant,clash,11,LLLYFLLALLLGTLLGSLILI,0.0797917960874089
YFLLILLLGTLLGSL,Mutant,clash,7,LLLYFLLALLLGTLLGSLILI,0.0786246448448637
YALLALLLGTLLGSL,Mutant,void,4,LLLYFLLALLLGTLLGSLILI,0.0730055714885464
AFLLALLLGTLLGSL,Mutant,void,3,LLLYFLLALLLGTLLGSLILI,-0.1220534643026616
YALLFLLLITLLGSL,Mutant,clash,11,LLLYALLFLLLGTLLGSLILI,0.1141206255228967
YALLFLLLGTLLISL,Mutant,clash,15,LLLYALLFLLLGTLLGSLILI,0.0478778080037972
YTLLAILLILLLGFL,Mutant,clash,11,LLLYTLLAILLGLLLGFLILI,0.0812755525460163
YTLLAILLGLLLIFL,Mutant,clash,15,LLLYTLLAILLGLLLGFLILI,0.0319726146078485
YTLLAALLGLLLGFL,Mutant,void,8,LLLYTLLAILLGLLLGFLILI,-0.0386029536506949
YTLLAILLGLLLGAL,Mutant,void,16,LLLYTLLAILLGLLLGFLILI,-0.1344100199940936
TSLLLGLLFILLAYL,Mutant,clash,12,LLLTSLLLGLLFALLAYLILI,0.0372604960021752
TSLLLGLLFALLIYL,Mutant,clash,15,LLLTSLLLGLLFALLAYLILI,-0.0067221156552009
TSLLLGLLAALLAYL,Mutant,void,11,LLLTSLLLGLLFALLAYLILI,-0.0357662947299272
TSLLLGLLFALLAAL,Mutant,void,16,LLLTSLLLGLLFALLAYLILI,-0.0367225103536743
YSLLALLLITLLGFL,Mutant,clash,11,LLLYSLLALLLGTLLGFLILI,0.0197874111541676
YSLLAALLGTLLGFL,Mutant,void,8,LLLYSLLALLLGTLLGFLILI,-0.0055370219529047
ASLLALLLGTLLGFL,Mutant,void,3,LLLYSLLALLLGTLLGFLILI,-0.0570184789386631
YSLLILLLGTLLGFL,Mutant,clash,7,LLLYSLLALLLGTLLGFLILI,-0.0579255840233887
TVLLALLLGFLLISL,Mutant,clash,15,LLLTVLLALLLGFLLGSLILI,0.5411464897698539
TVLLALLLIFLLGSL,Mutant,clash,11,LLLTVLLALLLGFLLGSLILI,0.5370512003857386
TVLLALLLGALLGSL,Mutant,void,12,LLLTVLLALLLGFLLGSLILI,0.4198199959548466
TVLLAALLGFLLGSL,Mutant,void,8,LLLTVLLALLLGFLLGSLILI,0.0118311144830796
VLLLTGLLFILLAYL,Mutant,clash,12,LLLVLLLTGLLFALLAYLILI,0.0507955763215133
VLLLTGLLFALLIYL,Mutant,clash,15,LLLVLLLTGLLFALLAYLILI,0.0401185558746476
VLLLTGLLAALLAYL,Mutant,void,11,LLLVLLLTGLLFALLAYLILI,-0.0046990475370151
VLLLTGLLFALLAAL,Mutant,void,16,LLLVLLLTGLLFALLAYLILI,-0.0555950125177006
YVLLFTLLIALLGLL,Mutant,clash,11,LLLYVLLFTLLGALLGLLILI,0.0354491495695384
YVLLFTLLGALLILL,Mutant,clash,15,LLLYVLLFTLLGALLGLLILI,0.0322447268805652
YLLLGALLITLLSFL,Mutant,clash,11,LLLYLLLGALLGTLLSFLILI,0.4088936513778709
YLLLGALLGTLLIFL,Mutant,clash,15,LLLYLLLGALLGTLLSFLILI,0.4046081337552459
YLLLGTLLGILLIFL,Mutant,clash,15,LLLYLLLGTLLGILLAFLILI,0.2940071724112179
YLLLGTLLIILLAFL,Mutant,clash,11,LLLYLLLGTLLGILLAFLILI,0.2665599661701276
YALLGTLLGILLAFL,Mutant,void,4,LLLYLLLGTLLGILLAFLILI,0.1410145631998686
YLLLGTLLGALLAFL,Mutant,void,12,LLLYLLLGTLLGILLAFLILI,-0.3381572933191339
YFLLIVLLGLLLGSL,Mutant,clash,7,LLLYFLLAVLLGLLLGSLILI,0.0577447965765431
YFLLAVLLILLLGSL,Mutant,clash,11,LLLYFLLAVLLGLLLGSLILI,0.0104847086397837
YALLAVLLGLLLGSL,Mutant,void,4,LLLYFLLAVLLGLLLGSLILI,-0.0271023767361136
AFLLAVLLGLLLGSL,Mutant,void,3,LLLYFLLAVLLGLLLGSLILI,-0.3773671177486652
LYWLLIILAFLLSLL,Mutant,clash,8,LLLLYWLLTILAFLLSLLILI,0.2072129838712692
LYWLLTILAFLLILL,Mutant,clash,15,LLLLYWLLTILAFLLSLLILI,0.1541733543511971
LYALLTILAFLLSLL,Mutant,void,5,LLLLYWLLTILAFLLSLLILI,0.1189013693488015
LLALLFVLTILLYLL,Mutant,clash,12,LLLLLALLFVLTSLLYLLILI,0.2250690702426382
LLILLFVLTSLLYLL,Mutant,clash,5,LLLLLALLFVLTSLLYLLILI,0.1988291464176315
LLALLAVLTSLLYLL,Mutant,void,8,LLLLLALLFVLTSLLYLLILI,-0.020581181022955
LLALLFVLTSLLALL,Mutant,void,15,LLLLLALLFVLTSLLYLLILI,-0.0836577675655511
VILLLALLLLLFSLL,Mutant,clash,4,LLLVTLLLALLLLLFSLLILI,0.082626342398289
VTLLIALLLLLFSLL,Mutant,clash,7,LLLVTLLLALLLLLFSLLILI,0.0608081296310706
VTLLLALLLLLASLL,Mutant,void,14,LLLVTLLLALLLLLFSLLILI,0.0381381344657114
VTLLLALALLLFSLL,Mutant,void,10,LLLVTLLLALLLLLFSLLILI,0.0278459138302336
YALLFVLLLLLISLL,Mutant,clash,14,LLLYALLFVLLLLLTSLLILI,0.0684497135738928
YALLFVLLILLTSLL,Mutant,clash,11,LLLYALLFVLLLLLTSLLILI,0.0403256407900589
YALLAVLLLLLTSLL,Mutant,void,7,LLLYALLFVLLLLLTSLLILI,0.0380137483773515
YALLIVLLLLLTSLL,Mutant,clash,7,LLLYALLFVLLLLLTSLLILI,0.0167414186184028
YALLFVLALLLTSLL,Mutant,void,10,LLLYALLFVLLLLLTSLLILI,-0.0624458232873731
AALLFVLLLLLTSLL,Mutant,void,3,LLLYALLFVLLLLLTSLLILI,-0.1112989404575558
YFLLAVLLILLFSLL,Mutant,clash,11,LLLYFLLAVLLTLLFSLLILI,0.0558021349897008
YFLLIVLLTLLFSLL,Mutant,clash,7,LLLYFLLAVLLTLLFSLLILI,0.0520567431811366
YALLAVLLTLLFSLL,Mutant,void,4,LLLYFLLAVLLTLLFSLLILI,-0.0184715439484405
YFLLAVLLTLLASLL,Mutant,void,14,LLLYFLLAVLLTLLFSLLILI,-0.0302632207015493
LYVLIALLTLLFILL,Mutant,clash,15,LLLLYVLIALLTLLFSLLILI,0.1752664022791233
LYVLIILLTLLFSLL,Mutant,clash,8,LLLLYVLIALLTLLFSLLILI,0.1111903578933347
LYVLAALLTLLFSLL,Mutant,void,7,LLLLYVLIALLTLLFSLLILI,-0.032943275126447
LAVLIALLTLLFSLL,Mutant,void,4,LLLLYVLIALLTLLFSLLILI,-0.075677334035412
YWLLTALLLILLFVL,Mutant,clash,12,LLLYWLLTALLLSLLFVLILI,0.0084007062616348
YWLLTILLLSLLFVL,Mutant,clash,8,LLLYWLLTALLLSLLFVLILI,-0.0247640898253836
YALLTALLLSLLFVL,Mutant,void,4,LLLYWLLTALLLSLLFVLILI,-0.0361127149906931
YWLLTALLASLLFVL,Mutant,void,11,LLLYWLLTALLLSLLFVLILI,-0.0864596664460445
VSLLLTLLFALLIYL,Mutant,clash,15,LLLVSLLLTLLFALLAYLILI,0.1268820064353259
VSLLLTLLFILLAYL,Mutant,clash,12,LLLVSLLLTLLFALLAYLILI,0.0844899662104775
VSLLLTLLAALLAYL,Mutant,void,11,LLLVSLLLTLLFALLAYLILI,-0.0290884960521899
VSLLLTLLFALLAAL,Mutant,void,16,LLLVSLLLTLLFALLAYLILI,-0.0986708416787865
YSLLLILLFALLTIL,Mutant,clash,8,LLLYSLLLALLFALLTILILI,0.2800770535310367
YSLLLALLFILLTIL,Mutant,clash,12,LLLYSLLLALLFALLTILILI,0.2273095274219526
YSLLAALLFALLTIL,Mutant,void,7,LLLYSLLLALLFALLTILILI,-0.044351097037905
YSLLLALLAALLTIL,Mutant,void,11,LLLYSLLLALLFALLTILILI,-0.0704891299613913
FSLLATLLAALLSYL,Mutant,void,7,LLLFSLLLTLLAALLSYLILI,0.0234179014643106
FILLLTLLAALLSYL,Mutant,clash,4,LLLFSLLLTLLAALLSYLILI,0.0043597206478045
FSLLLTLLAALLIYL,Mutant,clash,15,LLLFSLLLTLLAALLSYLILI,-0.0024777452494306
FSLLLTLLAALLSAL,Mutant,void,16,LLLFSLLLTLLAALLSYLILI,-0.0638797772342334
YVLLLTLLFILLSLL,Mutant,clash,12,LLLYVLLLTLLFALLSLLILI,0.151511892842501
YVLLLILLFALLSLL,Mutant,clash,8,LLLYVLLLTLLFALLSLLILI,0.1472706363713543
YVLLATLLFALLSLL,Mutant,void,7,LLLYVLLLTLLFALLSLLILI,0.0348298635544929
YTLLVLLLIFLLSIL,Mutant,clash,11,LLLYTLLVLLLAFLLSILILI,0.1568254446472046
YTLLVLLLAFLLIIL,Mutant,clash,15,LLLYTLLVLLLAFLLSILILI,0.0645594603116634
YTLLVLLLAALLSIL,Mutant,void,12,LLLYTLLVLLLAFLLSILILI,-0.0617744048935334
YTLLVALLAFLLSIL,Mutant,void,8,LLLYTLLVLLLAFLLSILILI,-0.0620448762330687
YLLLATLLFILLSIL,Mutant,clash,12,LLLYLLLATLLFVLLSILILI,0.1315071359855935
YLLLATLLFVLLSAL,Mutant,void,16,LLLYLLLATLLFVLLSILILI,0.1138494502902797
YLLLAILLFVLLSIL,Mutant,clash,8,LLLYLLLATLLFVLLSILILI,0.1030242505432677
YLLLATLLFVLLIIL,Mutant,clash,15,LLLYLLLATLLFVLLSILILI,0.0157045236110014
YSLLAALLATLLVFL,Mutant,void,7,LLLYSLLLALLATLLVFLILI,0.1016674433022855
YILLLALLATLLVFL,Mutant,clash,4,LLLYSLLLALLATLLVFLILI,0.0526850823640258
YSLLLALLITLLVFL,Mutant,clash,11,LLLYSLLLALLATLLVFLILI,0.0311841838049991
YSLLLALLATLLVAL,Mutant,void,16,LLLYSLLLALLATLLVFLILI,-0.0710224011840346
YVLLTALLFILLSLL,Mutant,clash,12,LLLYVLLTALLFALLSLLILI,0.1414644168091239
YVLLTILLFALLSLL,Mutant,clash,8,LLLYVLLTALLFALLSLLILI,0.0793525653440023
YVLLTALLFALLSAL,Mutant,void,16,LLLYVLLTALLFALLSLLILI,0.0487590927180672
YVLLTALLAALLSLL,Mutant,void,11,LLLYVLLTALLFALLSLLILI,-0.0808627131631635
YSLLIILLFVLLTLL,Mutant,clash,8,LLLYSLLIALLFVLLTLLILI,0.0877547335568889
YSLLIALLFILLTLL,Mutant,clash,12,LLLYSLLIALLFVLLTLLILI,0.0367480873950617
YSLLAALLFVLLTLL,Mutant,void,7,LLLYSLLIALLFVLLTLLILI,0.0341855415391814
YSLLIALLAVLLTLL,Mutant,void,11,LLLYSLLIALLFVLLTLLILI,-0.1525953320155491
YSLLLILLATLLVFL,Mutant,clash,8,LLLYSLLLTLLATLLVFLILI,0.0579590337624071
YILLLTLLATLLVFL,Mutant,clash,4,LLLYSLLLTLLATLLVFLILI,0.0426443470795646
YSLLATLLATLLVFL,Mutant,void,7,LLLYSLLLTLLATLLVFLILI,0.0175979725680801
YSLLLTLLATLLVAL,Mutant,void,16,LLLYSLLLTLLATLLVFLILI,-0.0448008782680907
YILLTALLVILLSLL,Mutant,clash,12,LLLYILLTALLVALLSLLILI,0.1885781326218973
YILLTILLVALLSLL,Mutant,clash,8,LLLYILLTALLVALLSLLILI,0.1036702293061661
YILLTALLVALLSAL,Mutant,void,16,LLLYILLTALLVALLSLLILI,0.0665178794351268
YALLTALLVALLSLL,Mutant,void,4,LLLYILLTALLVALLSLLILI,-0.0540522347634513
LVLLITLLAALLSYL,Mutant,void,11,LLLLVLLITLLFALLSYLILI,0.1219284343872064
LVLLITLLFILLSYL,Mutant,clash,12,LLLLVLLITLLFALLSYLILI,0.0907190999903251
LVLLITLLFALLIYL,Mutant,clash,15,LLLLVLLITLLFALLSYLILI,0.0841572475510264
LVLLITLLFALLSAL,Mutant,void,16,LLLLVLLITLLFALLSYLILI,-0.0272391336067551
YSLLLILLAVLLIFL,Mutant,clash,15,LLLYSLLLILLAVLLTFLILI,0.0705867141892025
YSLLLILLIVLLTFL,Mutant,clash,11,LLLYSLLLILLAVLLTFLILI,0.032685749936208
YSLLLILLAVLLTAL,Mutant,void,16,LLLYSLLLILLAVLLTFLILI,-0.0024535757059371
YSLLAILLAVLLTFL,Mutant,void,7,LLLYSLLLILLAVLLTFLILI,-0.0041964043175801
YLLLTTLLVILLSFL,Mutant,clash,12,LLLYLLLTTLLVALLSFLILI,0.3178793556217051
YLLLTILLVALLSFL,Mutant,clash,8,LLLYLLLTTLLVALLSFLILI,0.2265481845762582
YLLLTTLLVALLSAL,Mutant,void,16,LLLYLLLTTLLVALLSFLILI,0.1638400925498675
ALLLTTLLVALLSFL,Mutant,void,3,LLLYLLLTTLLVALLSFLILI,0.089302982454595
YTLLIILLFVLLALL,Mutant,clash,8,LLLYTLLISLLFVLLALLILI,0.0943644805576243
YTLLISLLFILLALL,Mutant,clash,12,LLLYTLLISLLFVLLALLILI,0.0798134889564183
YTLLASLLFVLLALL,Mutant,void,7,LLLYTLLISLLFVLLALLILI,0.0384964735551648
YTLLISLLAVLLALL,Mutant,void,11,LLLYTLLISLLFVLLALLILI,-0.0851448357332952
AILLLILLFVLLSLL,Mutant,clash,8,LLLAILLLTLLFVLLSLLILI,0.1247164047995352
AILLLTLLFILLSLL,Mutant,clash,12,LLLAILLLTLLFVLLSLLILI,0.1046856406768622
AILLLTLLFVLLSAL,Mutant,void,16,LLLAILLLTLLFVLLSLLILI,0.0219265717822209
AILLLTLLFVLLILL,Mutant,clash,15,LLLAILLLTLLFVLLSLLILI,-0.0077275841705048
AILLLTLLAVLLSLL,Mutant,void,11,LLLAILLLTLLFVLLSLLILI,-0.0623153908437245
YSLLLILLAALLVFL,Mutant,clash,8,LLLYSLLLTLLAALLVFLILI,0.1117520789091624
YILLLTLLAALLVFL,Mutant,clash,4,LLLYSLLLTLLAALLVFLILI,0.0564975344689648
YSLLATLLAALLVFL,Mutant,void,7,LLLYSLLLTLLAALLVFLILI,0.0090063712659227
YSLLLTLLAALLVAL,Mutant,void,16,LLLYSLLLTLLAALLVFLILI,-0.0641243316474131
YVLLIILLALLLAFL,Mutant,clash,7,LLLYVLLTILLALLLAFLILI,0.10491259323714
YVLLTILLILLLAFL,Mutant,clash,11,LLLYVLLTILLALLLAFLILI,0.1016285253222042
YVLLTILLAALLAFL,Mutant,void,12,LLLYVLLTILLALLLAFLILI,0.098245116629359
YVLLTALLALLLAFL,Mutant,void,8,LLLYVLLTILLALLLAFLILI,0.026561870887191
YSLLLILLVALLIFL,Mutant,clash,8,LLLYSLLLTLLVALLIFLILI,0.0830257507079518
YILLLTLLVALLIFL,Mutant,clash,4,LLLYSLLLTLLVALLIFLILI,0.0773858615609247
YSLLATLLVALLIFL,Mutant,void,7,LLLYSLLLTLLVALLIFLILI,0.0137318853254137
ASLLLTLLVALLIFL,Mutant,void,3,LLLYSLLLTLLVALLIFLILI,-0.1106625030630754
YLLLATLLFILLSLL,Mutant,clash,12,LLLYLLLATLLFVLLSLLILI,0.006308799556589
YLLLAILLFVLLSLL,Mutant,clash,8,LLLYLLLATLLFVLLSLLILI,-0.0102350935043629
YLLLATLLAVLLSLL,Mutant,void,11,LLLYLLLATLLFVLLSLLILI,-0.089623076411159
YILLITLLTLLLSFL,Mutant,clash,7,LLLYILLATLLTLLLSFLILI,0.0049005383773763
YILLATLLILLLSFL,Mutant,clash,11,LLLYILLATLLTLLLSFLILI,-0.0142214822304582
YALLATLLTLLLSFL,Mutant,void,4,LLLYILLATLLTLLLSFLILI,-0.0522884626656083
AILLATLLTLLLSFL,Mutant,void,3,LLLYILLATLLTLLLSFLILI,-0.106825013669865
YILLLTLLATLLAFL,Mutant,clash,4,LLLYSLLLTLLATLLAFLILI,0.035596010558963
YSLLATLLATLLAFL,Mutant,void,7,LLLYSLLLTLLATLLAFLILI,-0.0061282481250735
YSLLLTLLITLLAFL,Mutant,clash,11,LLLYSLLLTLLATLLAFLILI,-0.0117296482654558
YSLLLTLLATLLAAL,Mutant,void,16,LLLYSLLLTLLATLLAFLILI,-0.0627684932860528
YILLVALLLTLLSWL,Mutant,clash,4,LLLYALLVALLLTLLSWLILI,0.0870949587371121
YALLVALLLILLSWL,Mutant,clash,12,LLLYALLVALLLTLLSWLILI,0.0340428020069796
YALLVALLLTLLSAL,Mutant,void,16,LLLYALLVALLLTLLSWLILI,-0.0325189832925085
YALLVALLATLLSWL,Mutant,void,11,LLLYALLVALLLTLLSWLILI,-0.0439452292964022
YTLLVSLLILLLAFL,Mutant,clash,11,LLLYTLLVSLLALLLAFLILI,0.0673424485721017
YTLLVSLLALLLIFL,Mutant,clash,15,LLLYTLLVSLLALLLAFLILI,0.0667629564409655
YTLLVSLLAALLAFL,Mutant,void,12,LLLYTLLVSLLALLLAFLILI,0.0500515529458391
ATLLVSLLALLLAFL,Mutant,void,3,LLLYTLLVSLLALLLAFLILI,-0.1094051887650537
YSLLVALLAILLFLL,Mutant,clash,12,LLLYSLLVALLATLLFLLILI,0.049933357847938
YSLLIALLATLLFLL,Mutant,clash,7,LLLYSLLVALLATLLFLLILI,0.0167453957814756
YSLLVALLATLLFAL,Mutant,void,16,LLLYSLLVALLATLLFLLILI,0.0065332626905764
YSLLVALLATLLALL,Mutant,void,15,LLLYSLLVALLATLLFLLILI,-0.0521440315842851
YILLVALLSTLLFLL,Mutant,clash,4,LLLYTLLVALLSTLLFLLILI,-0.0167852653095295
YTLLVILLSTLLFLL,Mutant,clash,8,LLLYTLLVALLSTLLFLLILI,-0.0176936619596476
YTLLVALLSTLLFAL,Mutant,void,16,LLLYTLLVALLSTLLFLLILI,-0.0319634934221632
YTLLVALLSTLLALL,Mutant,void,15,LLLYTLLVALLSTLLFLLILI,-0.2594418259022841
YSLLFILLAILLTLL,Mutant,clash,8,LLLYSLLFVLLAILLTLLILI,0.0684637473167922
YSLLFVLLAILLTAL,Mutant,void,16,LLLYSLLFVLLAILLTLLILI,0.0612053652913084
YSLLFVLLIILLTLL,Mutant,clash,11,LLLYSLLFVLLAILLTLLILI,0.0486341479766574
YSLLAVLLAILLTLL,Mutant,void,7,LLLYSLLFVLLAILLTLLILI,-0.0117990326557511
YFLLAILLIVLLTLL,Mutant,clash,11,LLLYFLLAILLAVLLTLLILI,0.063778936526041
YFLLIILLAVLLTLL,Mutant,clash,7,LLLYFLLAILLAVLLTLLILI,-0.0091166661351282
YALLAILLAVLLTLL,Mutant,void,4,LLLYFLLAILLAVLLTLLILI,-0.0715648788299637
AFLLAILLAVLLTLL,Mutant,void,3,LLLYFLLAILLAVLLTLLILI,-0.1878269781473513
YSLLLILLAVLLFSL,Mutant,clash,8,LLLYSLLLTLLAVLLFSLILI,0.0876001702228646
YILLLTLLAVLLFSL,Mutant,clash,4,LLLYSLLLTLLAVLLFSLILI,0.0615631976955803
YSLLLTLLAVLLASL,Mutant,void,15,LLLYSLLLTLLAVLLFSLILI,0.0428460041764365
YSLLATLLAVLLFSL,Mutant,void,7,LLLYSLLLTLLAVLLFSLILI,0.0052809086200145
YSLLLTLLVILLSFL,Mutant,clash,12,LLLYSLLLTLLVALLSFLILI,0.1384007943863767
YSLLLILLVALLSFL,Mutant,clash,8,LLLYSLLLTLLVALLSFLILI,0.1322719075846538
YSLLLTLLVALLSAL,Mutant,void,16,LLLYSLLLTLLVALLSFLILI,0.0511614385279733
YSLLATLLVALLSFL,Mutant,void,7,LLLYSLLLTLLVALLSFLILI,0.0494342806723775
YVLLFILLTVLLSLL,Mutant,clash,8,LLLYVLLFALLTVLLSLLILI,0.1024925951725256
YVLLFALLTVLLSAL,Mutant,void,16,LLLYVLLFALLTVLLSLLILI,0.0734635337891599
YVLLFALLTILLSLL,Mutant,clash,12,LLLYVLLFALLTVLLSLLILI,0.0598995116891187
YVLLAALLTVLLSLL,Mutant,void,7,LLLYVLLFALLTVLLSLLILI,-0.0085799394888682
YLLLFILLAVLLSIL,Mutant,clash,8,LLLYLLLFTLLAVLLSILILI,0.1201279916014895
YLLLFTLLIVLLSIL,Mutant,clash,11,LLLYLLLFTLLAVLLSILILI,0.1037528845421684
YALLFTLLAVLLSIL,Mutant,void,4,LLLYLLLFTLLAVLLSILILI,0.0179161299501041
ALLLIVLLGTLLGFL,Mutant,clash,7,LLLALLLGVLLGTLLGFLILI,0.7523481434440579
ALLLGVLLITLLGFL,Mutant,clash,11,LLLALLLGVLLGTLLGFLILI,0.7276435282368561
AALLGVLLGTLLGFL,Mutant,void,4,LLLALLLGVLLGTLLGFLILI,0.1320808328100573
ALLLGVLLGALLGFL,Mutant,void,12,LLLALLLGVLLGTLLGFLILI,-0.0567510079086287
YVLLIALLGILLTLL,Mutant,clash,7,LLLYVLLGALLGILLTLLILI,0.7931414401631007
YVLLGALLIILLTLL,Mutant,clash,11,LLLYVLLGALLGILLTLLILI,0.7577051273940109
YVLLGALLGALLTLL,Mutant,void,12,LLLYVLLGALLGILLTLLILI,-0.2014580735627535
YGLLFLLLGVLLITL,Mutant,clash,15,LLLYGLLFLLLGVLLATLILI,0.2275778426582853
YGLLFLLLIVLLATL,Mutant,clash,11,LLLYGLLFLLLGVLLATLILI,0.2180171851083885
YGLLFALLGVLLATL,Mutant,void,8,LLLYGLLFLLLGVLLATLILI,0.1018624641175842
YVLLALLLITLLGFL,Mutant,clash,11,LLLYVLLALLLGTLLGFLILI,0.0041143106223068
YVLLALLLGTLLIFL,Mutant,clash,15,LLLYVLLALLLGTLLGFLILI,-0.0017554780474272
YVLLALLLGTLLGAL,Mutant,void,16,LLLYVLLALLLGTLLGFLILI,-0.0783183500479284
AVLLALLLGTLLGFL,Mutant,void,3,LLLYVLLALLLGTLLGFLILI,-0.0992964544980766
YGLLFALLGILLILL,Mutant,clash,15,LLLYGLLFALLGILLTLLILI,0.0835630031219404
YGLLFALLIILLTLL,Mutant,clash,11,LLLYGLLFALLGILLTLLILI,0.0714771028535978
AGLLFALLGILLTLL,Mutant,void,3,LLLYGLLFALLGILLTLLILI,0.0576279216875337
YGLLAALLGILLTLL,Mutant,void,7,LLLYGLLFALLGILLTLLILI,0.0456227047594958
AGLLFLLLGTLLIYL,Mutant,clash,15,LLLAGLLFLLLGTLLSYLILI,-0.0268336926431398
AGLLALLLGTLLSYL,Mutant,void,7,LLLAGLLFLLLGTLLSYLILI,-0.0607368692103832
AGLLFLLLGTLLSAL,Mutant,void,16,LLLAGLLFLLLGTLLSYLILI,-0.0763597023043987
AGLLFLLLITLLSYL,Mutant,clash,11,LLLAGLLFLLLGTLLSYLILI,-0.0917794349465679
TALLIGLLFLLLSVL,Mutant,clash,7,LLLTALLAGLLFLLLSVLILI,0.1920775614304681
TILLAGLLFLLLSVL,Mutant,clash,4,LLLTALLAGLLFLLLSVLILI,0.0710158883608958
TALLAGLLALLLSVL,Mutant,void,11,LLLTALLAGLLFLLLSVLILI,0.0460200432215545
AALLAGLLFLLLSVL,Mutant,void,3,LLLTALLAGLLFLLLSVLILI,0.0156191366475164
YVLLFALLGALLGTL,Mutant,void,8,LLLYVLLFLLLGALLGTLILI,0.0060778444750803
YVLLFLLLIALLGTL,Mutant,clash,11,LLLYVLLFLLLGALLGTLILI,-0.0123390036227949
YVLLFLLLGALLITL,Mutant,clash,15,LLLYVLLFLLLGALLGTLILI,-0.0535747426733524
YVLLALLLGALLGTL,Mutant,void,7,LLLYVLLFLLLGALLGTLILI,-0.128098046094647
YVLLTLLLGGLLFIL,Mutant,clash,16,LLLYVLLTLLLGGLLFALILI,0.1402755879376684
YVLLTLLLGILLFAL,Mutant,clash,12,LLLYVLLTLLLGGLLFALILI,0.1098924864965103
YVLLTLLLGGLLAAL,Mutant,void,15,LLLYVLLTLLLGGLLFALILI,0.1044198466777845
YVLLTALLGGLLFAL,Mutant,void,8,LLLYVLLTLLLGGLLFALILI,0.0727290192171902
YLLLGALLIVLLSTL,Mutant,clash,11,LLLYLLLGALLGVLLSTLILI,0.699057748167475
YLLLGALLGVLLITL,Mutant,clash,15,LLLYLLLGALLGVLLSTLILI,0.603507697897333
YALLGALLGVLLSTL,Mutant,void,4,LLLYLLLGALLGVLLSTLILI,0.1331645717110922
LAILLAVLFLLLITL,Mutant,clash,15,LLLLAILLAVLFLLLSTLILI,0.0457975108586216
LIILLAVLFLLLSTL,Mutant,clash,4,LLLLAILLAVLFLLLSTLILI,0.0209722111913908
LAILLAVLFALLSTL,Mutant,void,12,LLLLAILLAVLFLLLSTLILI,-0.0709682468711827
LAILLAVLALLLSTL,Mutant,void,11,LLLLAILLAVLFLLLSTLILI,-0.4112408189253251
LIVLTALLLLLFSLL,Mutant,clash,4,LLLLAVLTALLLLLFSLLILI,0.0179192302797542
LAVLTALLLLLFILL,Mutant,clash,15,LLLLAVLTALLLLLFSLLILI,0.009405818887154
LAVLTALLLLLASLL,Mutant,void,14,LLLLAVLTALLLLLFSLLILI,-0.079504851237501
LAVLTALLALLFSLL,Mutant,void,11,LLLLAVLTALLLLLFSLLILI,-0.1117746857254431
LAILLLLLTVLFILL,Mutant,clash,15,LLLLAILLLLLTVLFSLLILI,-0.0581507780606301
LIILLLLLTVLFSLL,Mutant,clash,4,LLLLAILLLLLTVLFSLLILI,-0.0595046132318957
LAALLLLLTVLFSLL,Mutant,void,5,LLLLAILLLLLTVLFSLLILI,-0.0677519802254199
LLLLLFVLATLLIIL,Mutant,clash,15,LLLLLLLLFVLATLLSILILI,0.0583471609122474
LLLLLFVLITLLSIL,Mutant,clash,11,LLLLLLLLFVLATLLSILILI,0.0433519940999979
LLLLLAVLATLLSIL,Mutant,void,8,LLLLLLLLFVLATLLSILILI,-0.056492205378935
LALLLFVLATLLSIL,Mutant,void,4,LLLLLLLLFVLATLLSILILI,-0.063964588948362
LFVLTILLAALYSLL,Mutant,void,12,LLLLFVLTILLALLYSLLILI,0.1065388999231971
LFVLTILLILLYSLL,Mutant,clash,11,LLLLFVLTILLALLYSLLILI,0.024040579899804
LIVLTILLALLYSLL,Mutant,clash,4,LLLLFVLTILLALLYSLLILI,-0.0019398127272287
LFVLTILLALLASLL,Mutant,void,14,LLLLFVLTILLALLYSLLILI,-0.1116161974930793
LFLLLLALTVLLIIL,Mutant,clash,15,LLLLFLLLLALTVLLSILILI,0.1337177545399172
LFLLLLALIVLLSIL,Mutant,clash,11,LLLLFLLLLALTVLLSILILI,0.0864222880827459
LALLLLALTVLLSIL,Mutant,void,4,LLLLFLLLLALTVLLSILILI,-0.0433543408323984
LFALLLALTVLLSIL,Mutant,void,5,LLLLFLLLLALTVLLSILILI,-0.1329183117285159
FALLLILTILLYVLL,Mutant,clash,11,LLLFALLLILTALLYVLLILI,0.1719641484259864
FILLLILTALLYVLL,Mutant,clash,4,LLLFALLLILTALLYVLLILI,0.1373746439525226
AALLLILTALLYVLL,Mutant,void,3,LLLFALLLILTALLYVLLILI,0.0404583168009656
FALLLILTALLAVLL,Mutant,void,14,LLLFALLLILTALLYVLLILI,0.0022936867873527
LAVLLFLLILLTSLL,Mutant,clash,11,LLLLAVLLFLLALLTSLLILI,0.2237239880158585
LIVLLFLLALLTSLL,Mutant,clash,4,LLLLAVLLFLLALLTSLLILI,0.1798046024548852
LAVLLFLLAALTSLL,Mutant,void,12,LLLLAVLLFLLALLTSLLILI,0.1107775893911962
LAVLLALLALLTSLL,Mutant,void,8,LLLLAVLLFLLALLTSLLILI,-0.0320171040004924
LVLLIALLFILLSYL,Mutant,clash,12,LLLLVLLIALLFTLLSYLILI,0.1504436286315595
LVLLIILLFTLLSYL,Mutant,clash,8,LLLLVLLIALLFTLLSYLILI,0.103636527857837
LVLLIALLFTLLSAL,Mutant,void,16,LLLLVLLIALLFTLLSYLILI,0.0084981353460528
LVLLIALLATLLSYL,Mutant,void,11,LLLLVLLIALLFTLLSYLILI,-0.0504274455018277
LALLFALLVSLLIWL,Mutant,clash,15,LLLLALLFALLVSLLTWLILI,0.1330533575270158
LALLFALLVILLTWL,Mutant,clash,12,LLLLALLFALLVSLLTWLILI,0.0627598021050968
LALLAALLVSLLTWL,Mutant,void,7,LLLLALLFALLVSLLTWLILI,-0.0203256061877518
LALLFALLVSLLTAL,Mutant,void,16,LLLLALLFALLVSLLTWLILI,-0.0593810951668319
YILLATLLVLLLSFL,Mutant,clash,4,LLLYTLLATLLVLLLSFLILI,0.0945065580076351
YTLLAILLVLLLSFL,Mutant,clash,8,LLLYTLLATLLVLLLSFLILI,0.0288681895637347
YTLLATLLVLLLSAL,Mutant,void,16,LLLYTLLATLLVLLLSFLILI,-0.0311520613387223
ATLLATLLVLLLSFL,Mutant,void,3,LLLYTLLATLLVLLLSFLILI,-0.1044642827050739
TVLLLALLFILLSIL,Mutant,clash,12,LLLTVLLLALLFALLSILILI,0.1266103208367464
TVLLLILLFALLSIL,Mutant,clash,8,LLLTVLLLALLFALLSILILI,0.1259934665249447
TVLLLALLAALLSIL,Mutant,void,11,LLLTVLLLALLFALLSILILI,-0.0037246235526067
TVLLAALLFALLSIL,Mutant,void,7,LLLTVLLLALLFALLSILILI,-0.0291916172340473
YLLLVTLLAILLIFL,Mutant,clash,15,LLLYLLLVTLLAILLSFLILI,0.0286030272838331
YLLLVTLLIILLSFL,Mutant,clash,11,LLLYLLLVTLLAILLSFLILI,0.0241693576258714
YALLVTLLAILLSFL,Mutant,void,4,LLLYLLLVTLLAILLSFLILI,-0.0389329476446917
YLLLVTLLAILLSAL,Mutant,void,16,LLLYLLLVTLLAILLSFLILI,-0.0569525030768285
YILLFILLVALLSLL,Mutant,clash,8,LLLYILLFTLLVALLSLLILI,0.1304755325906065
YILLFTLLVILLSLL,Mutant,clash,12,LLLYILLFTLLVALLSLLILI,0.0346276095641741
YILLATLLVALLSLL,Mutant,void,7,LLLYILLFTLLVALLSLLILI,-0.0634855006583302
AILLFTLLVALLSLL,Mutant,void,3,LLLYILLFTLLVALLSLLILI,-0.1607294434579849
YILLSVLLILLLTFL,Mutant,clash,11,LLLYILLSVLLALLLTFLILI,0.0232419671129608
YILLSVLLALLLTAL,Mutant,void,16,LLLYILLSVLLALLLTFLILI,-0.0096631523051758
YILLIVLLALLLTFL,Mutant,clash,7,LLLYILLSVLLALLLTFLILI,-0.0396115481981707
AILLSVLLALLLTFL,Mutant,void,3,LLLYILLSVLLALLLTFLILI,-0.1004571391032112
AALLLSLLFILLVFL,Mutant,clash,12,LLLAALLLSLLFTLLVFLILI,0.2518323673113316
AALLLILLFTLLVFL,Mutant,clash,8,LLLAALLLSLLFTLLVFLILI,0.2111485199750067
AALLLSLLATLLVFL,Mutant,void,11,LLLAALLLSLLFTLLVFLILI,0.0983685407606151
YILLFALLLSLLVTL,Mutant,clash,4,LLLYALLFALLLSLLVTLILI,0.0812406442752586
YALLFALLLILLVTL,Mutant,clash,12,LLLYALLFALLLSLLVTLILI,0.0167402033788134
YALLFALLASLLVTL,Mutant,void,11,LLLYALLFALLLSLLVTLILI,-0.0216476738057854
YALLAALLLSLLVTL,Mutant,void,7,LLLYALLFALLLSLLVTLILI,-0.0822001593657288
YSLLTALLVILLFLL,Mutant,clash,12,LLLYSLLTALLVALLFLLILI,0.0696665523193877
YILLTALLVALLFLL,Mutant,clash,4,LLLYSLLTALLVALLFLLILI,0.0532127948190229
YSLLAALLVALLFLL,Mutant,void,7,LLLYSLLTALLVALLFLLILI,-0.0099385770653853
YSLLTALLVALLALL,Mutant,void,15,LLLYSLLTALLVALLFLLILI,-0.0592155717899808
YALLLTLLVILLSFL,Mutant,clash,12,LLLYALLLTLLVALLSFLILI,0.0746707763446098
YALLLILLVALLSFL,Mutant,clash,8,LLLYALLLTLLVALLSFLILI,0.0582669868217197
YALLATLLVALLSFL,Mutant,void,7,LLLYALLLTLLVALLSFLILI,-0.0296142467595427
YALLLTLLVALLSAL,Mutant,void,16,LLLYALLLTLLVALLSFLILI,-0.0321724473582011
YFLLVILLLALLSTL,Mutant,clash,8,LLLYFLLVALLLALLSTLILI,0.2015267695454023
YFLLVALLLILLSTL,Mutant,clash,12,LLLYFLLVALLLALLSTLILI,0.1290881281912574
YFLLVALLAALLSTL,Mutant,void,11,LLLYFLLVALLLALLSTLILI,0.0426179975158803
YALLVALLLALLSTL,Mutant,void,4,LLLYFLLVALLLALLSTLILI,-0.0305457027538669
ALLLVILLAILLSFL,Mutant,clash,8,LLLALLLVTLLAILLSFLILI,0.0151407889549521
ALLLVTLLAILLIFL,Mutant,clash,15,LLLALLLVTLLAILLSFLILI,-0.0688065440430472
ALLLVTLLAILLSAL,Mutant,void,16,LLLALLLVTLLAILLSFLILI,-0.151211879194741
YALLLILLTALLVFL,Mutant,clash,8,LLLYALLLSLLTALLVFLILI,0.1014285411828219
YALLLSLLTILLVFL,Mutant,clash,12,LLLYALLLSLLTALLVFLILI,0.092999580122794
YALLASLLTALLVFL,Mutant,void,7,LLLYALLLSLLTALLVFLILI,0.0313513116131775
YALLLSLLTALLVAL,Mutant,void,16,LLLYALLLSLLTALLVFLILI,-0.051275446353612
YVLLFTLLAALLILL,Mutant,clash,15,LLLYVLLFTLLAALLSLLILI,0.1085036884385904
YVLLFILLAALLSLL,Mutant,clash,8,LLLYVLLFTLLAALLSLLILI,0.0616444859205314
YVLLFTLLAALLSAL,Mutant,void,16,LLLYVLLFTLLAALLSLLILI,0.0575501689913003
YVLLATLLAALLSLL,Mutant,void,7,LLLYVLLFTLLAALLSLLILI,-0.0278910792296397
