Sequence,Total,VDWOptimize,VDWMonomer,HBONDOptimize,HBONDMonomer,IMM1Optimize,IMM1Monomer,Design,Type,Clash Mutant,Mutant Type,Position,WT Sequence,Fluor Difference
YFLLGTLLGALLGLL,-33.2671,-51.2817,-10.6344,-71.876,-58.867,-220.204,-240.593,ala,WT,LLLYFLLGTLLIALLGLLILI,clash,,,
YLLLGALLGFLLSTL,-31.7777,-53.9845,-10.924,-86.5707,-74.2158,-218.25,-241.888,ala,WT,LLLYLLLGALLGFLLITLILI,clash,,,
ALLLGLLLGVLLGSL,-30.7627,-88.4491,-50.2861,-74.3027,-60.4841,-209.308,-230.527,ala,WT,LLLALLLILLLGVLLGSLILI,clash,,,
TALLFLLLGLLLGSL,-29.4405,-81.3738,-37.5532,-72.7846,-60.4841,-222.028,-248.709,ala,WT,LLLTALLFLLLILLLGSLILI,clash,,,
AFLLGTLLGVLLGLL,-28.8249,-69.6709,-28.0482,-71.033,-58.867,-210.312,-235.276,ala,WT,LLLAFLLITLLGVLLGLLILI,clash,,,
YFLLGVLLGTLLGLL,-28.7978,-56.7626,-11.2107,-68.205,-58.9223,-217.183,-243.22,ala,WT,LLLYFLLGVLLITLLGLLILI,clash,,,
TFLLAVLLGILLGLL,-28.6534,-82.3677,-39.9908,-56.1753,-45.1579,-220.385,-245.126,ala,WT,LLLTFLLAVLLIILLGLLILI,clash,,,
AYLLGVLLGLLLGSL,-26.7388,-76.206,-34.0417,-73.5366,-60.4841,-213.559,-242.037,ala,WT,LLLAYLLGVLLILLLGSLILI,clash,,,
SYLLGVLLGTLLGFL,-26.5145,-48.0417,-12.4463,-81.1832,-58.9223,-225.243,-256.584,ala,WT,LLLSYLLGVLLITLLGFLILI,clash,,,
SYLLGVLLGLLLATL,-26.2402,-70.6406,-34.1378,-81.6878,-58.948,-223.324,-256.327,ala,WT,LLLSYLLGVLLILLLATLILI,clash,,,
SYLLGLLLGFLLSTL,-25.2886,-56.7756,-15.2642,-88.2796,-74.2973,-229.542,-259.748,ala,WT,LLLSYLLGLLLIFLLSTLILI,clash,,,
TILLALLLGFLLGSL,-25.1796,-75.112,-37.7816,-69.9489,-60.4841,-218.602,-240.218,ala,WT,LLLTILLALLLIFLLGSLILI,clash,,,
ALLLGLLLGTLLGFL,-24.8153,-71.1861,-33.5658,-67.0478,-58.9223,-213.385,-234.315,ala,WT,LLLALLLGLLLITLLGFLILI,clash,,,
TALLFLLLGYLLGSL,-22.501,-58.4331,-22.6894,-73.1855,-60.4841,-224.672,-250.616,ala,WT,LLLTALLFLLLGYLLISLILI,clash,,,
SYLLGLLLGTLLGFL,-22.2715,-50.3176,-17.2486,-80.0651,-58.9223,-225.72,-257.66,ala,WT,LLLSYLLGLLLITLLGFLILI,clash,,,
LFLLGTLLGALLAYL,-22.2671,-54.0189,-19.5964,-72.8435,-58.9275,-210.849,-236.92,ala,WT,LLLLFLLITLLGALLAYLILI,clash,,,
TFLLAVLLGLLLGSL,-21.6354,-73.1488,-34.542,-67.9751,-60.4841,-218.631,-243.093,ala,WT,LLLTFLLAVLLILLLGSLILI,clash,,,
TVLLALLLGFLLGSL,-21.2463,-71.0243,-37.2137,-70.0592,-60.4841,-218.249,-240.389,ala,WT,LLLTVLLALLLGFLLISLILI,clash,,,
SYLLGVLLGLLLGTL,-20.7472,-65.5682,-31.2683,-78.9496,-58.948,-221.705,-255.259,ala,WT,LLLSYLLGVLLILLLGTLILI,clash,,,
YLLLGALLGTLLSFL,-18.6621,-47.6877,-11.8808,-77.8752,-74.1783,-221.058,-241.9,ala,WT,LLLYLLLGALLITLLSFLILI,clash,,,
FYLLGVLLGLLLASL,-17.4846,-62.0995,-23.6526,-70.2656,-60.4841,-213.738,-244.482,ala,WT,LLLFYLLGVLLILLLASLILI,clash,,,
STLLGLLLGVLLAIL,-17.0296,-87.3797,-55.3289,-70.6439,-45.1579,-220.136,-260.643,ala,WT,LLLSTLLGLLLIVLLAILILI,clash,,,
YLLLGTLLGILLAFL,-16.7257,-47.8833,-14.8465,-63.5295,-58.867,-222.338,-243.312,ala,WT,LLLYLLLGTLLGILLIFLILI,clash,,,
TFLLGLLLGYLLASL,-16.3299,-59.701,-23.0576,-65.4639,-60.4841,-222.802,-248.095,ala,WT,LLLTFLLGLLLIYLLASLILI,clash,,,
YLLLGALLGILLSTL,-14.2325,-55.9591,-27.2698,-82.4063,-74.2508,-218.212,-240.824,ala,WT,LLLYLLLGALLIILLSTLILI,clash,,,
STLLGALLGLLLAVL,-14.0094,-79.5431,-52.5835,-73.6438,-45.1579,-215.977,-257.413,ala,WT,LLLSTLLGALLILLLAVLILI,clash,,,
TALLFLLLGVLLASL,-13.6832,-70.7165,-35.5019,-65.8037,-60.4841,-221.394,-248.245,ala,WT,LLLTALLFLLLIVLLASLILI,clash,,,
TLLLGLLLGVLLGSL,-10.7178,-82.1398,-50.3642,-61.9907,-60.4841,-217.012,-239.577,ala,WT,LLLTLLLGLLLIVLLGSLILI,clash,,,
TFLLALLLGYLLGSL,-9.74901,-56.2978,-23.1763,-61.5349,-60.4841,-223.068,-247.491,ala,WT,LLLTFLLALLLIYLLGSLILI,clash,,,
LYALLFLLTALLFSL,-23.8351,-49.7138,-9.32458,-74.2848,-74.2549,-229.302,-245.885,ala,WT,LLLLYALLFLLTILLFSLILI,clash,,,
LYWLLTLLVALLSFL,-17.7225,-50.1232,-15.7213,-78.8343,-74.363,-232.96,-254.111,ala,WT,LLLLYWLLTLLVILLSFLILI,clash,,,
VYLLTTLLAFLLSLL,-12.1974,-49.2668,-18.056,-87.9041,-87.8617,-226.151,-245.207,ala,WT,LLLVYLLTTLLAFLLILLILI,clash,,,
AYLLGTLLGLLLGFL,-37.2159,-88.6951,-36.693,-67.941,-58.9275,-217.016,-240.816,leu,WT,LLLAYLLGTLLILLLGFLILI,clash,,,
ALLLGTLLGFLLSIL,-33.1784,-97.2919,-51.7558,-81.6743,-74.1954,-218.405,-238.242,leu,WT,LLLALLLGTLLIFLLSILILI,clash,,,
ALLLGVLLGTLLGFL,-31.9796,-89.2333,-49.836,-71.2357,-58.9223,-213.118,-232.849,leu,WT,LLLALLLIVLLGTLLGFLILI,clash,,,
TFLLGLLLGVLLAIL,-29.261,-97.1737,-59.2764,-53.4717,-45.1579,-226.133,-243.083,leu,WT,LLLTFLLGLLLIVLLAILILI,clash,,,
TYLLGVLLGLLLGFL,-29.2244,-82.9198,-43.5156,-57.4168,-45.1579,-226.717,-249.155,leu,WT,LLLTYLLGVLLILLLGFLILI,clash,,,
TVLLGILLGLLLAFL,-29.0691,-101.915,-62.76,-51.6914,-45.1579,-224.6,-241.219,leu,WT,LLLTVLLIILLGLLLAFLILI,clash,,,
AYLLGLLLGFLLGTL,-28.9835,-80.5853,-36.4049,-65.9668,-58.948,-218.385,-240.601,leu,WT,LLLAYLLGLLLIFLLGTLILI,clash,,,
ALLLGFLLGTLLGVL,-28.9192,-94.1591,-50.1609,-67.0396,-58.9223,-209.473,-232.669,leu,WT,LLLALLLGFLLITLLGVLILI,clash,,,
YLLLGILLGTLLAFL,-28.6375,-76.9247,-39.3939,-68.7016,-58.9223,-227.434,-246.107,leu,WT,LLLYLLLGILLITLLAFLILI,clash,,,
YVLLGALLGILLTLL,-27.8696,-98.0257,-53.0326,-66.9225,-58.9275,-219.158,-244.277,leu,WT,LLLYVLLIALLGILLTLLILI,clash,,,
YLLLGALLGALLTFL,-23.6808,-76.3138,-36.5552,-66.9164,-58.9953,-218.157,-242.156,leu,WT,LLLYLLLGALLIALLTFLILI,clash,,,
ALLLGLLLGTLLSFL,-23.5239,-96.0505,-55.4758,-77.7998,-74.1783,-216.814,-237.487,leu,WT,LLLALLLGLLLITLLSFLILI,clash,,,
YVLLGLLLGFLLSTL,-23.3255,-70.4718,-34.9658,-74.0765,-74.2158,-235.241,-247.282,leu,WT,LLLYVLLGLLLIFLLSTLILI,clash,,,
AYLLGVLLGLLLAFL,-23.2275,-85.051,-47.1495,-55.1542,-45.1579,-217.129,-241.799,leu,WT,LLLAYLLGVLLILLLAFLILI,clash,,,
LVLLIGLLFGLLFAL,-19.9506,-83.5947,-43.6961,-44.9559,-45.1579,-219.074,-238.82,leu,WT,LLLLVLLIILLFGLLFALILI,clash,,,
TVLLGLLLGFLLSAL,-19.9475,-95.0234,-56.1381,-63.5052,-60.4258,-217.177,-239.194,leu,WT,LLLTVLLGLLLIFLLSALILI,clash,,,
VTLLLGLLFGLLFAL,-19.0276,-78.2001,-44.6733,-49.5463,-45.1579,-219.076,-237.963,leu,WT,LLLVTLLLGLLFILLFALILI,clash,,,
YVLLGILLGLLLAFL,-18.868,-82.9177,-46.8081,-50.8712,-45.1579,-223.023,-245.978,leu,WT,LLLYVLLGILLILLLAFLILI,clash,,,
AYLLGVLLGLLLTFL,-18.4709,-80.5498,-38.0639,-57.3305,-58.9297,-219.273,-241.688,leu,WT,LLLAYLLIVLLGLLLTFLILI,clash,,,
TFLLAILLGLLLGVL,-16.1931,-95.5548,-57.3646,-44.9586,-45.1579,-220.111,-241.908,leu,WT,LLLTFLLAILLILLLGVLILI,clash,,,
TVLLGLLLGLLLGFL,-15.3881,-92.6464,-62.077,-46.5441,-45.1579,-222.853,-239.42,leu,WT,LLLTVLLILLLGLLLGFLILI,clash,,,
TFLLAVLLGLLLGIL,-14.2027,-90.1045,-59.445,-45.5958,-45.1579,-225.978,-242.873,leu,WT,LLLTFLLAVLLILLLGILILI,clash,,,
TALLFLLLGVLLGIL,-13.4938,-86.0225,-57.6185,-49.2554,-45.1579,-222.719,-241.726,leu,WT,LLLTALLFLLLGVLLIILILI,clash,,,
YLLLGALLGVLLSTL,-7.71629,-78.2899,-47.7629,-75.1766,-74.2931,-218.107,-241.801,leu,WT,LLLYLLLGALLIVLLSTLILI,clash,,,
VGLLLILLGALLATL,-5.24635,-87.1296,-67.066,-61.323,-58.948,-216.161,-233.353,leu,WT,LLLVGLLLILLIALLATLILI,clash,,,
LILLLALLFVLTSLL,-16.6705,-97.3771,-63.9502,-74.1585,-74.2434,-228.879,-245.551,leu,WT,LLLLILLLILLFVLTSLLILI,clash,,,
LALLYVLTFLLASLL,-12.8531,-75.1124,-43.958,-74.1209,-74.1951,-225.797,-244.024,leu,WT,LLLLALLYVLTFLLISLLILI,clash,,,
LAILLTLLAVLFSLL,-9.92373,-92.5845,-58.2322,-69.0632,-74.2703,-223.366,-242.588,leu,WT,LLLLAILLTLLIVLFSLLILI,clash,,,
TYLLVALLTFLLSLL,-17.0262,-76.9445,-44.5984,-79.8356,-74.2975,-234.904,-255.762,leu,WT,LLLTYLLVALLIFLLSLLILI,clash,,,
FYLLLTLLVALLSIL,-14.5388,-68.2077,-43.5781,-79.7795,-74.2984,-234.496,-250.068,leu,WT,LLLFYLLLTLLVILLSILILI,clash,,,
YFLLGTLLIALLGLL,-33.2671,,-15.0696,,-58.7237,,-271.865,,Mutant,,clash,11.0,LLLYFLLGTLLGALLGLLILI,0.6224964967198914
YALLGTLLGALLGLL,-33.2671,,,,,,,,Mutant,,void,4.0,LLLYFLLGTLLGALLGLLILI,0.5031871940147759
YFLLGTLLGALLGAL,-33.2671,,,,,,,,Mutant,,void,16.0,LLLYFLLGTLLGALLGLLILI,-0.1528537040848001
YLLLGALLGFLLITL,-31.7777,,-15.8463,,-58.7817,,-274.14,,Mutant,,clash,15.0,LLLYLLLGALLGFLLSTLILI,0.9181126440088776
YLLLGALLGALLSTL,-31.7777,,,,,,,,Mutant,,void,12.0,LLLYLLLGALLGFLLSTLILI,0.092392772402879
ALLLILLLGVLLGSL,-30.7627,,-52.7965,,-60.3054,,-279.041,,Mutant,,clash,7.0,LLLALLLGLLLGVLLGSLILI,0.7362884819706648
TALLFLLLILLLGSL,-29.4405,,-42.186,,-60.3637,,-283.227,,Mutant,,clash,11.0,LLLTALLFLLLGLLLGSLILI,0.7238290778502635
TALLALLLGLLLGSL,-29.4405,,,,,,,,Mutant,,void,7.0,LLLTALLFLLLGLLLGSLILI,0.2052019688781803
AFLLITLLGVLLGLL,-28.8249,,-30.6642,,-58.726,,-268.92,,Mutant,,clash,7.0,LLLAFLLGTLLGVLLGLLILI,1.057674922221423
AFLLGTLLIVLLGLL,-38.3782,,-24.0001,,-58.7211,,-269.342,,Mutant,,clash,11.0,LLLAFLLGTLLGVLLGLLILI,1.0411001926536565
AALLGTLLGVLLGLL,-38.3782,,,,,,,,Mutant,,void,4.0,LLLAFLLGTLLGVLLGLLILI,0.3802546332461465
AFLLGTLLGALLGLL,-28.8249,,,,,,,,Mutant,,void,12.0,LLLAFLLGTLLGVLLGLLILI,0.0461360273111035
AFLLGTLLGVLLGAL,-38.3782,,,,,,,,Mutant,,void,16.0,LLLAFLLGTLLGVLLGLLILI,0.0030350660418352
YFLLGVLLITLLGLL,-28.7978,,-16.4086,,-58.6992,,-275.238,,Mutant,,clash,11.0,LLLYFLLGVLLGTLLGLLILI,0.8425645481578146
YALLGVLLGTLLGLL,-28.7978,,,,,,,,Mutant,,void,4.0,LLLYFLLGVLLGTLLGLLILI,0.7357183618932983
TFLLAVLLIILLGLL,-28.6534,,-43.4148,,-44.9923,,-273.271,,Mutant,,clash,11.0,LLLTFLLAVLLGILLGLLILI,0.2878300739807206
TFLLAVLLGILLILL,-28.6534,,-42.9191,,-44.9923,,-268.977,,Mutant,,clash,15.0,LLLTFLLAVLLGILLGLLILI,0.2568354645035227
AYLLGVLLILLLGSL,-26.7388,,-35.5025,,-60.2742,,-283.607,,Mutant,,clash,11.0,LLLAYLLGVLLGLLLGSLILI,0.857480424124574
AYLLGVLLGALLGSL,-26.7388,,,,,,,,Mutant,,void,12.0,LLLAYLLGVLLGLLLGSLILI,0.0925840407151361
SYLLGVLLITLLGFL,-26.5145,,-14.0439,,-58.6887,,-276.236,,Mutant,,clash,11.0,LLLSYLLGVLLGTLLGFLILI,0.6292493188702084
SALLGVLLGTLLGFL,-26.5145,,,,,,,,Mutant,,void,4.0,LLLSYLLGVLLGTLLGFLILI,0.1168349748093977
SYLLGVLLILLLATL,-26.2402,,-35.8101,,-58.7839,,-281.928,,Mutant,,clash,11.0,LLLSYLLGVLLGLLLATLILI,0.8263409142724467
SYLLGVLLGALLATL,-26.2402,,,,,,,,Mutant,,void,12.0,LLLSYLLGVLLGLLLATLILI,-0.054931956452735
SALLGVLLGLLLATL,-26.2402,,,,,,,,Mutant,,void,4.0,LLLSYLLGVLLGLLLATLILI,-0.0965569399603034
SYLLGLLLIFLLSTL,-25.2886,,-20.2129,,-74.0925,,-295.235,,Mutant,,clash,11.0,LLLSYLLGLLLGFLLSTLILI,0.8570334567711132
TILLALLLIFLLGSL,-25.1796,,-42.2186,,-60.2535,,-288.889,,Mutant,,clash,11.0,LLLTILLALLLGFLLGSLILI,0.5319413044819983
TILLALLLGFLLISL,-25.1796,,-40.8685,,-60.2535,,-277.921,,Mutant,,clash,15.0,LLLTILLALLLGFLLGSLILI,0.4905614240644295
TILLALLLGALLGSL,-25.1796,,,,,,,,Mutant,,void,12.0,LLLTILLALLLGFLLGSLILI,0.3534699634335111
TALLALLLGFLLGSL,-25.1796,,,,,,,,Mutant,,void,4.0,LLLTILLALLLGFLLGSLILI,-0.2062541737772835
ALLLGLLLITLLGFL,-24.8153,,-35.9409,,-58.691,,-272.75,,Mutant,,clash,11.0,LLLALLLGLLLGTLLGFLILI,0.6103665254011678
ALLLGLLLGTLLIFL,-24.8153,,-36.0027,,-58.691,,-266.083,,Mutant,,clash,15.0,LLLALLLGLLLGTLLGFLILI,0.437401405635086
TALLFLLLGYLLISL,-22.501,,-26.551,,-60.326,,-280.29,,Mutant,,clash,15.0,LLLTALLFLLLGYLLGSLILI,0.894613668453424
TALLFLLLIYLLGSL,-22.501,,-27.1288,,-60.326,,-286.589,,Mutant,,clash,11.0,LLLTALLFLLLGYLLGSLILI,0.7388108930444186
TALLFLLLGALLGSL,-22.501,,,,,,,,Mutant,,void,12.0,LLLTALLFLLLGYLLGSLILI,0.4970319043076985
SYLLGLLLITLLGFL,-22.2715,,-18.9051,,-58.7496,,-277.681,,Mutant,,clash,11.0,LLLSYLLGLLLGTLLGFLILI,0.5876133688485251
SYLLGALLGTLLGFL,-22.2715,,,,,,,,Mutant,,void,8.0,LLLSYLLGLLLGTLLGFLILI,0.2453854925572471
SALLGLLLGTLLGFL,-22.2715,,,,,,,,Mutant,,void,4.0,LLLSYLLGLLLGTLLGFLILI,0.1078341584660013
LFLLITLLGALLAYL,-22.2671,,-19.4731,,-58.6697,,-275.619,,Mutant,,clash,7.0,LLLLFLLGTLLGALLAYLILI,0.9997577371146028
LALLGTLLGALLAYL,-22.2671,,,,,,,,Mutant,,void,4.0,LLLLFLLGTLLGALLAYLILI,0.8798137065348958
TFLLAVLLILLLGSL,-21.6354,,-37.4515,,-60.2706,,-284.162,,Mutant,,clash,11.0,LLLTFLLAVLLGLLLGSLILI,0.308537628696042
TALLAVLLGLLLGSL,-21.6354,,,,,,,,Mutant,,void,4.0,LLLTFLLAVLLGLLLGSLILI,0.2166874168078924
TFLLAVLLGALLGSL,-21.6354,,,,,,,,Mutant,,void,12.0,LLLTFLLAVLLGLLLGSLILI,0.1213829067373747
TVLLALLLGFLLISL,-21.2463,,-38.64,,-60.3442,,-276.291,,Mutant,,clash,15.0,LLLTVLLALLLGFLLGSLILI,0.5411464897698539
TVLLALLLIFLLGSL,-21.2463,,-39.9935,,-60.3442,,-285.672,,Mutant,,clash,11.0,LLLTVLLALLLGFLLGSLILI,0.5370512003857386
TVLLALLLGALLGSL,-21.2463,,,,,,,,Mutant,,void,12.0,LLLTVLLALLLGFLLGSLILI,0.4198199959548466
TVLLAALLGFLLGSL,-21.2463,,,,,,,,Mutant,,void,8.0,LLLTVLLALLLGFLLGSLILI,0.0118311144830796
SYLLGVLLILLLGTL,-20.7472,,-32.7744,,-58.7288,,-283.369,,Mutant,,clash,11.0,LLLSYLLGVLLGLLLGTLILI,0.7271856744513298
SYLLGVLLGALLGTL,-20.7472,,,,,,,,Mutant,,void,12.0,LLLSYLLGVLLGLLLGTLILI,0.0844503189702899
SALLGVLLGLLLGTL,-20.7472,,,,,,,,Mutant,,void,4.0,LLLSYLLGVLLGLLLGTLILI,-0.1477572713291728
YLLLGALLITLLSFL,-18.6621,,-16.9556,,-73.9921,,-279.476,,Mutant,,clash,11.0,LLLYLLLGALLGTLLSFLILI,0.4088936513778709
YLLLGALLGTLLIFL,-18.6621,,-16.7699,,-58.7234,,-269.047,,Mutant,,clash,15.0,LLLYLLLGALLGTLLSFLILI,0.4046081337552459
FYLLGVLLILLLASL,-17.4846,,-24.0967,,-60.32,,-286.324,,Mutant,,clash,11.0,LLLFYLLGVLLGLLLASLILI,0.7425778832026192
FALLGVLLGLLLASL,-17.4846,,,,,,,,Mutant,,void,4.0,LLLFYLLGVLLGLLLASLILI,0.04454548950903
AYLLGVLLGLLLASL,-17.4846,,,,,,,,Mutant,,void,3.0,LLLFYLLGVLLGLLLASLILI,-0.3099552551940457
STLLGLLLIVLLAIL,-17.0296,,-58.6541,,-44.9506,,-268.201,,Mutant,,clash,11.0,LLLSTLLGLLLGVLLAILILI,0.4909314280482532
YLLLGTLLGILLIFL,-16.7257,,-16.5671,,-58.7658,,-272.963,,Mutant,,clash,15.0,LLLYLLLGTLLGILLAFLILI,0.2940071724112179
YLLLGTLLIILLAFL,-16.7257,,-19.351,,-58.7658,,-277.751,,Mutant,,clash,11.0,LLLYLLLGTLLGILLAFLILI,0.2665599661701276
YALLGTLLGILLAFL,-16.7257,,,,,,,,Mutant,,void,4.0,LLLYLLLGTLLGILLAFLILI,0.1410145631998686
YLLLGTLLGALLAFL,-16.7257,,,,,,,,Mutant,,void,12.0,LLLYLLLGTLLGILLAFLILI,-0.3381572933191339
TFLLGLLLIYLLASL,-16.3299,,-26.5354,,-60.2384,,-288.612,,Mutant,,clash,11.0,LLLTFLLGLLLGYLLASLILI,1.0027719127320494
TFLLILLLGYLLASL,-16.3299,,-27.0447,,-60.2384,,-288.788,,Mutant,,clash,7.0,LLLTFLLGLLLGYLLASLILI,0.9116451713003458
YLLLGALLIILLSTL,-14.2325,,-32.8014,,-74.1632,,-288.374,,Mutant,,clash,11.0,LLLYLLLGALLGILLSTLILI,0.6790993471096662
YALLGALLGILLSTL,-14.2325,,,,,,,,Mutant,,void,4.0,LLLYLLLGALLGILLSTLILI,0.2029448124675826
STLLGALLILLLAVL,-14.0094,,-54.3101,,-44.8908,,-264.605,,Mutant,,clash,11.0,LLLSTLLGALLGLLLAVLILI,0.6473712768548714
STLLGALLGALLAVL,-14.0094,,,,,,,,Mutant,,void,12.0,LLLSTLLGALLGLLLAVLILI,-0.2070639247279192
SALLGALLGLLLAVL,-14.0094,,,,,,,,Mutant,,void,4.0,LLLSTLLGALLGLLLAVLILI,-0.2539888475825197
TALLFLLLIVLLASL,-13.6832,,-40.0424,,-60.3462,,-280.158,,Mutant,,clash,11.0,LLLTALLFLLLGVLLASLILI,0.6072339828415922
TALLFILLGVLLASL,-13.6832,,-32.7338,,-60.3462,,-276.757,,Mutant,,clash,8.0,LLLTALLFLLLGVLLASLILI,0.5402801969489861
TALLALLLGVLLASL,-13.6832,,,,,,,,Mutant,,void,7.0,LLLTALLFLLLGVLLASLILI,0.0297849043006012
TALLFLLLGALLASL,-13.6832,,,,,,,,Mutant,,void,12.0,LLLTALLFLLLGVLLASLILI,-0.0609868796074929
TLLLGLLLIVLLGSL,-10.7178,,-53.0856,,-60.2824,,-283.535,,Mutant,,clash,11.0,LLLTLLLGLLLGVLLGSLILI,0.7084950613051034
TLLLILLLGVLLGSL,-10.7178,,-54.0451,,-60.2824,,-283.754,,Mutant,,clash,7.0,LLLTLLLGLLLGVLLGSLILI,0.6318863297689441
TLLLGALLGVLLGSL,-10.7178,,,,,,,,Mutant,,void,8.0,LLLTLLLGLLLGVLLGSLILI,0.3320311077857345
TALLGLLLGVLLGSL,-10.7178,,,,,,,,Mutant,,void,4.0,LLLTLLLGLLLGVLLGSLILI,0.0739454280413304
TFLLALLLIYLLGSL,-9.74901,,-26.7749,,-60.2601,,-292.291,,Mutant,,clash,11.0,LLLTFLLALLLGYLLGSLILI,0.8027938126128384
TFLLALLLGALLGSL,-9.74901,,,,,,,,Mutant,,void,12.0,LLLTFLLALLLGYLLGSLILI,0.2542951647063932
LYALLFLLTILLFSL,-23.8351,,-8.39496,,-74.1994,,-289.713,,Mutant,,clash,12.0,LLLLYALLFLLTALLFSLILI,0.2874333987767977
LYALLALLTALLFSL,-23.8351,,,,,,,,Mutant,,void,8.0,LLLLYALLFLLTALLFSLILI,0.1198889829624872
LAALLFLLTALLFSL,-23.8351,,,,,,,,Mutant,,void,4.0,LLLLYALLFLLTALLFSLILI,0.0849011191610069
LYWLLTLLVILLSFL,-17.7225,,-16.0466,,-74.2054,,-294.029,,Mutant,,clash,12.0,LLLLYWLLTLLVALLSFLILI,0.2601474541348304
LYALLTLLVALLSFL,-17.7225,,,,,,,,Mutant,,void,5.0,LLLLYWLLTLLVALLSFLILI,0.0406173137809883
LYWLLTLLVALLSAL,-17.7225,,,,,,,,Mutant,,void,16.0,LLLLYWLLTLLVALLSFLILI,-0.0404302904095388
VYLLTTLLAFLLILL,-12.1974,,-19.6608,,-72.5906,,-276.248,,Mutant,,clash,15.0,LLLVYLLTTLLAFLLSLLILI,0.2599357689588992
VALLTTLLAFLLSLL,-12.1974,,,,,,,,Mutant,,void,4.0,LLLVYLLTTLLAFLLSLLILI,0.2051733468937203
VYLLTTLLAALLSLL,-12.1974,,,,,,,,Mutant,,void,12.0,LLLVYLLTTLLAFLLSLLILI,0.1833737892649765
AYLLGTLLILLLGFL,-37.2159,,-12.9137,,-58.7043,,-273.208,,Mutant,,clash,11.0,LLLAYLLGTLLGLLLGFLILI,0.8000180656399619
AYLLGTLLGALLGFL,-37.2159,,,,,,,,Mutant,,void,12.0,LLLAYLLGTLLGLLLGFLILI,0.2844070124725113
AALLGTLLGLLLGFL,-37.2159,,,,,,,,Mutant,,void,4.0,LLLAYLLGTLLGLLLGFLILI,-0.0112151571400498
ALLLGTLLIFLLSIL,-33.1784,,-29.8039,,-74.0793,,-273.172,,Mutant,,clash,11.0,LLLALLLGTLLGFLLSILILI,0.9809859177246418
ALLLIVLLGTLLGFL,-31.9796,,-26.7433,,-58.6964,,-268.651,,Mutant,,clash,7.0,LLLALLLGVLLGTLLGFLILI,0.7523481434440579
ALLLGVLLITLLGFL,-31.9796,,-26.318,,-58.6964,,-268.747,,Mutant,,clash,11.0,LLLALLLGVLLGTLLGFLILI,0.7276435282368561
AALLGVLLGTLLGFL,-31.9796,,,,,,,,Mutant,,void,4.0,LLLALLLGVLLGTLLGFLILI,0.1320808328100573
ALLLGVLLGALLGFL,-31.9796,,,,,,,,Mutant,,void,12.0,LLLALLLGVLLGTLLGFLILI,-0.0567510079086287
TFLLGLLLIVLLAIL,-29.261,,-36.7733,,-44.9935,,-274.857,,Mutant,,clash,11.0,LLLTFLLGLLLGVLLAILILI,0.8653056825495727
TALLGLLLGVLLAIL,-29.261,,,,,,,,Mutant,,void,4.0,LLLTFLLGLLLGVLLAILILI,0.3947398306207594
TYLLGVLLILLLGFL,-29.2244,,-20.8272,,-44.9134,,-275.278,,Mutant,,clash,11.0,LLLTYLLGVLLGLLLGFLILI,0.7114097963241194
TVLLIILLGLLLAFL,-29.0691,,-41.2485,,-44.9298,,-274.656,,Mutant,,clash,7.0,LLLTVLLGILLGLLLAFLILI,0.3814420024086807
AYLLGLLLIFLLGTL,-28.9835,,-13.6446,,-58.747,,-273.329,,Mutant,,clash,11.0,LLLAYLLGLLLGFLLGTLILI,0.7924624574662495
AYLLGLLLGALLGTL,-28.9835,,,,,,,,Mutant,,void,12.0,LLLAYLLGLLLGFLLGTLILI,0.1379513511912027
ALLLGFLLITLLGVL,-28.9192,,-26.7402,,-58.6797,,-268.55,,Mutant,,clash,11.0,LLLALLLGFLLGTLLGVLILI,0.856740097490162
ALLLGALLGTLLGVL,-28.9192,,,,,,,,Mutant,,void,8.0,LLLALLLGFLLGTLLGVLILI,0.3573387746990982
ALLLGFLLGTLLIVL,-28.9192,,-27.5522,,-58.6797,,-268.409,,Mutant,,clash,15.0,LLLALLLGFLLGTLLGVLILI,0.280207673488088
YLLLGILLITLLAFL,-28.6375,,-19.0947,,-58.7109,,-279.399,,Mutant,,clash,11.0,LLLYLLLGILLGTLLAFLILI,0.3880807351186194
YVLLIALLGILLTLL,-27.8696,,-32.5845,,-58.7738,,-277.314,,Mutant,,clash,7.0,LLLYVLLGALLGILLTLLILI,0.7931414401631007
YVLLGALLIILLTLL,-27.8696,,-32.8769,,-58.7738,,-277.331,,Mutant,,clash,11.0,LLLYVLLGALLGILLTLLILI,0.7577051273940109
YVLLGALLGALLTLL,-27.8696,,,,,,,,Mutant,,void,12.0,LLLYVLLGALLGILLTLLILI,-0.2014580735627535
YLLLGALLIALLTFL,-23.6808,,-15.6031,,-58.7574,,-275.345,,Mutant,,clash,11.0,LLLYLLLGALLGALLTFLILI,0.9688319079988544
YLLLGALLGALLTAL,-23.6808,,,,,,,,Mutant,,void,16.0,LLLYLLLGALLGALLTFLILI,-0.0053705936410561
ALLLGLLLITLLSFL,-23.5239,,-32.5609,,-74.0307,,-273.405,,Mutant,,clash,11.0,LLLALLLGLLLGTLLSFLILI,0.8634933197222253
YVLLGLLLIFLLSTL,-23.3255,,-14.2491,,-74.0812,,-281.098,,Mutant,,clash,11.0,LLLYVLLGLLLGFLLSTLILI,0.7803115677171274
YVLLGLLLGALLSTL,-23.3255,,,,,,,,Mutant,,void,12.0,LLLYVLLGLLLGFLLSTLILI,0.1337702759272937
AYLLGVLLILLLAFL,-23.2275,,-23.5752,,-44.9245,,-273.797,,Mutant,,clash,11.0,LLLAYLLGVLLGLLLAFLILI,0.9240895396873036
AYLLGVLLGLLLIFL,-23.2275,,-21.9282,,-45.02,,-272.59,,Mutant,,clash,15.0,LLLAYLLGVLLGLLLAFLILI,0.8040578290302711
AALLGVLLGLLLAFL,-23.2275,,,,,,,,Mutant,,void,4.0,LLLAYLLGVLLGLLLAFLILI,-0.0311638844596207
LVLLIILLFGLLFAL,-19.9506,,-22.7637,,-44.9897,,-275.816,,Mutant,,clash,8.0,LLLLVLLIGLLFGLLFALILI,0.5300663809697959
LVLLIGLLAGLLFAL,-19.9506,,,,,,,,Mutant,,void,11.0,LLLLVLLIGLLFGLLFALILI,-0.0287680559544996
TVLLGLLLIFLLSAL,-19.9475,,-33.5443,,-60.2116,,-271.216,,Mutant,,clash,11.0,LLLTVLLGLLLGFLLSALILI,0.3144781041671011
TVLLGLLLGALLSAL,-19.9475,,,,,,,,Mutant,,void,12.0,LLLTVLLGLLLGFLLSALILI,0.0876646025220717
TVLLGALLGFLLSAL,-19.9475,,,,,,,,Mutant,,void,8.0,LLLTVLLGLLLGFLLSALILI,-0.0278971993405486
VTLLLGLLFILLFAL,-19.0276,,-24.2335,,-44.9466,,-275.123,,Mutant,,clash,12.0,LLLVTLLLGLLFGLLFALILI,0.5983276685120222
VTLLLGLLFGLLFIL,-19.0276,,-21.7317,,-44.9466,,-273.682,,Mutant,,clash,16.0,LLLVTLLLGLLFGLLFALILI,0.5509258690360012
VTLLLGLLFGLLAAL,-19.0276,,,,,,,,Mutant,,void,15.0,LLLVTLLLGLLFGLLFALILI,0.1218517051526686
VTLLLGLLAGLLFAL,-19.0276,,,,,,,,Mutant,,void,11.0,LLLVTLLLGLLFGLLFALILI,0.0023333405937405
YVLLGILLILLLAFL,-18.868,,-26.3835,,-44.9417,,-279.154,,Mutant,,clash,11.0,LLLYVLLGILLGLLLAFLILI,0.4391476987941994
YVLLGILLGALLAFL,-18.868,,,,,,,,Mutant,,void,12.0,LLLYVLLGILLGLLLAFLILI,0.0695685921074235
AYLLIVLLGLLLTFL,-18.4709,,-18.3889,,-58.8052,,-277.007,,Mutant,,clash,7.0,LLLAYLLGVLLGLLLTFLILI,0.4353965944398152
AALLGVLLGLLLTFL,-18.4709,,,,,,,,Mutant,,void,4.0,LLLAYLLGVLLGLLLTFLILI,0.0831363103009135
AYLLGVLLGLLLTAL,-18.4709,,,,,,,,Mutant,,void,16.0,LLLAYLLGVLLGLLLTFLILI,-0.0462852664438474
TFLLAILLILLLGVL,-16.1931,,-37.7634,,-44.9832,,-272.297,,Mutant,,clash,11.0,LLLTFLLAILLGLLLGVLILI,0.3338450043701562
TALLAILLGLLLGVL,-16.1931,,,,,,,,Mutant,,void,4.0,LLLTFLLAILLGLLLGVLILI,0.1889266916387508
TFLLAALLGLLLGVL,-16.1931,,,,,,,,Mutant,,void,8.0,LLLTFLLAILLGLLLGVLILI,0.0686578872611625
TVLLILLLGLLLGFL,-15.3881,,-39.8824,,-44.9562,,-273.548,,Mutant,,clash,7.0,LLLTVLLGLLLGLLLGFLILI,0.2596564425711357
TVLLGLLLGALLGFL,-15.3881,,,,,,,,Mutant,,void,12.0,LLLTVLLGLLLGLLLGFLILI,0.2376004588788345
TVLLGALLGLLLGFL,-15.3881,,,,,,,,Mutant,,void,8.0,LLLTVLLGLLLGLLLGFLILI,0.1221560729937089
TFLLAVLLILLLGIL,-14.2027,,-36.8022,,-44.9676,,-274.853,,Mutant,,clash,11.0,LLLTFLLAVLLGLLLGILILI,0.3670803539961813
TALLAVLLGLLLGIL,-14.2027,,,,,,,,Mutant,,void,4.0,LLLTFLLAVLLGLLLGILILI,0.2140732898206348
TFLLAVLLGLLLGAL,-14.2027,,,,,,,,Mutant,,void,16.0,LLLTFLLAVLLGLLLGILILI,0.0662617327354125
TALLFLLLGVLLIIL,-13.4938,,-39.0865,,-44.96,,-274.94,,Mutant,,clash,15.0,LLLTALLFLLLGVLLGILILI,0.4495858987354008
TALLALLLGVLLGIL,-13.4938,,,,,,,,Mutant,,void,7.0,LLLTALLFLLLGVLLGILILI,0.0379326041731135
YLLLGALLIVLLSTL,-7.71629,,-26.0285,,-74.1216,,-272.689,,Mutant,,clash,11.0,LLLYLLLGALLGVLLSTLILI,0.699057748167475
YLLLGALLGVLLITL,-7.71629,,-27.1242,,-58.7653,,-271.748,,Mutant,,clash,15.0,LLLYLLLGALLGVLLSTLILI,0.603507697897333
YALLGALLGVLLSTL,-7.71629,,,,,,,,Mutant,,void,4.0,LLLYLLLGALLGVLLSTLILI,0.1331645717110922
VGLLLILLIALLATL,-5.24635,,-44.7627,,-58.7586,,-264.893,,Mutant,,clash,11.0,LLLVGLLLILLGALLATLILI,0.6033087249445674
VGLLLALLGALLATL,-5.24635,,,,,,,,Mutant,,void,8.0,LLLVGLLLILLGALLATLILI,0.4859842759465186
VGLLLILLGILLATL,-5.24635,,-43.3628,,-58.7586,,-261.893,,Mutant,,clash,12.0,LLLVGLLLILLGALLATLILI,0.4826358781267525
VGLLAILLGALLATL,-5.24635,,,,,,,,Mutant,,void,7.0,LLLVGLLLILLGALLATLILI,0.382091729987207
LILLLILLFVLTSLL,-16.6705,,-40.1939,,-74.23,,-280.799,,Mutant,,clash,8.0,LLLLILLLALLFVLTSLLILI,0.2587913642902263
LALLLALLFVLTSLL,-16.6705,,,,,,,,Mutant,,void,4.0,LLLLILLLALLFVLTSLLILI,0.0262582491526243
LILLLALLAVLTSLL,-16.6705,,,,,,,,Mutant,,void,11.0,LLLLILLLALLFVLTSLLILI,0.0178651470820007
LALLAVLTFLLASLL,-12.8531,,,,,,,,Mutant,,void,7.0,LLLLALLYVLTFLLASLLILI,0.3143378705062841
LALLYVLTFLLISLL,-12.8531,,-19.5238,,-74.1261,,-279.568,,Mutant,,clash,14.0,LLLLALLYVLTFLLASLLILI,0.2527080579155709
LAILLTLLIVLFSLL,-9.92373,,-33.5117,,-74.2666,,-277.372,,Mutant,,clash,11.0,LLLLAILLTLLAVLFSLLILI,0.370848291943795
LAALLTLLAVLFSLL,-9.92373,,,,,,,,Mutant,,void,5.0,LLLLAILLTLLAVLFSLLILI,0.3564980592675875
LAILLTLLAVLASLL,-9.92373,,,,,,,,Mutant,,void,14.0,LLLLAILLTLLAVLFSLLILI,-0.055433875495724
TYLLVALLIFLLSLL,-17.0262,,-24.6648,,-60.3627,,-280.54,,Mutant,,clash,11.0,LLLTYLLVALLTFLLSLLILI,0.3031015178579395
TYLLVALLTFLLILL,-17.0262,,-22.2555,,-58.9752,,-281.654,,Mutant,,clash,15.0,LLLTYLLVALLTFLLSLLILI,0.2583429718552888
TALLVALLTFLLSLL,-17.0262,,,,,,,,Mutant,,void,4.0,LLLTYLLVALLTFLLSLLILI,0.186964890849193
TYLLVALLTALLSLL,-17.0262,,,,,,,,Mutant,,void,12.0,LLLTYLLVALLTFLLSLLILI,0.0538655432151815
FYLLLTLLVILLSIL,-14.5388,,-21.2389,,-74.2866,,-283.086,,Mutant,,clash,12.0,LLLFYLLLTLLVALLSILILI,0.2897374069002401
FALLLTLLVALLSIL,-14.5388,,,,,,,,Mutant,,void,4.0,LLLFYLLLTLLVALLSILILI,0.1080444579085704
