Sequence,Segments,Fluorescence,FluorStdDev,Rep1-Fluor,Rep2-Fluor,Rep3-Fluor,Sample,LB-12H_M9-36H,LB-36H_M9-36H,std,Percent Error,mean,mean_transformed,Percent GpA,std_adjusted,Type,Mutant Type,percent_wt,wt_seq,position,wt_aa,mut_aa,mut_position,Mutant Type_x,Mutant Type_y
LLLAYLLGVLLGLLLGFLILI,13.0,31645.96643,2181.163442,32689.47276,33109.3568,29139.06973,D,2114.799586,2847.63252,2181.163439569546,6.892390044065233,31645.96643,47384.0474090159,112.60966569029432,3265.8933660941616,WT,,193.06077707813,LLLAYLLTVLLGLLLGFLILI,T7G,T,G,7.0,,
LLLTALLALLLGLLLGFLILI,13.0,29227.56276,1440.679986,29237.43764,30663.27993,27781.97072,D,-56.6619345,-39.64514832,1440.6799872975232,4.929182768208405,29227.56276333333,33059.06118358034,78.56588939697934,1629.541547192516,WT,,144.89342488849385,LLLTVLLALLLGLLLGFLILI,V4A,V,A,4.0,,
LLLTVLLGLLLGLLLGFLILI,13.0,28730.2213,1753.491836,29385.60778,30061.61969,26743.43643,D,11.91421197,30.92994846,1753.491834985594,6.103300829728011,28730.2213,30113.147021364533,71.56483256247378,1837.8959520121573,WT,,131.98187879162614,LLLTVLLALLLGLLLGFLILI,A7G,A,G,7.0,,
LLLGALLALLLGTLLGFLILI,13.0,26302.32905,1181.699825,26346.81126,27461.15969,25099.0162,D,-10.43037056,71.96410481,1181.699821059566,4.492757347888043,26302.32905,15731.95685139218,37.38748584301659,706.7986474074986,WT,,140.851587152918,LLLYALLALLLGTLLGFLILI,Y3G,Y,G,3.0,,
LLLAYLLALLLGFLLGTLILI,13.0,30249.32133,1965.213027,30478.00483,32090.18804,28179.77111,D,-58.24202822,-46.37438814,1965.2130291981728,6.496717754344178,30249.321326666668,39111.267251248464,92.94914577197612,2540.948643460859,WT,,125.07452226288972,LLLAALLALLLGFLLGTLILI,A4Y,A,Y,4.0,,
LLLTVLLGILLGLLLGFLILI,13.0,29322.58956,2371.442186,29655.67274,31509.88096,26802.21498,D,-33.58873095,27.60890115,2371.4421874487093,8.087424143069814,29322.589560000004,33621.935600312245,79.90357799387489,2719.148537107037,WT,,142.33114179664835,LLLTVLLAILLGLLLGFLILI,A7G,A,G,7.0,,
LLLALLLGLLLGVLLGTLILI,13.0,31491.09447,1521.866057,31610.56904,32949.7019,29913.01247,D,-65.29178313,-48.76597255,1521.8660595551576,4.832687098268254,31491.09447,46466.69075582984,110.42953900879029,2245.5897691491964,WT,,139.45762111909266,LLLFLLLGLLLGVLLGTLILI,F3A,F,A,3.0,,
LLLSYLLGLLLGTLLGFLILI,13.0,29719.24899,2352.507785,31074.13678,31080.80048,27002.80971,D,4089.165316,5937.857379,2352.507783763873,7.915771305511286,29719.248990000004,35971.47755199599,85.48733768034872,2847.4198982293324,WT,,136.00912616636268,LLLSYLLALLLGTLLGFLILI,A7G,A,G,7.0,,
LLLAYLLGVLLGLLLGFLILI,0.0,27345.2516,1445.009952,27876.90743,28449.1172,25709.73018,G,1609.181541,2263.480023,1937.0391381364093,7.153177114517867,27079.42369,51178.80106512864,110.39172626222296,3660.910285275408,WT,,142.1733360378718,LLLTYLLGVLLGLLLGFLILI,T3A,T,A,3.0,,
LLLVALLALLLGTLLSFLILI,1.0,20440.25426,1538.8451,20914.62167,21686.06614,18720.07497,G,-59.54441026,-58.28474191,2097.2724692464203,10.380958991044915,20203.070555,19690.749031760817,42.4725810642983,2044.088582016664,WT,,141.3427772675773,LLLYALLALLLGTLLSFLILI,Y3V,Y,V,3.0,,
LLLAVLLFSLLGLLLGTLILI,0.0,21391.1904,4495.946248,26263.22992,20507.89592,17402.44535,G,-99.99947009,20.44000167,2195.8851566866274,11.584623525530333,18955.170635,13976.391894778872,30.14681852782288,1619.112383462868,WT,,177.662175082303,LLLAALLFSLLGLLLGTLILI,A4V,A,V,4.0,,
LLLAYLLGVLLGLLLGFLILI,0.0,27345.2516,1445.009952,27876.90743,28449.1172,25709.73018,G,1609.181541,2263.480023,1937.0391381364093,7.153177114517867,27079.42369,51178.80106512864,110.39172626222296,3660.910285275408,WT,,161.61104293113183,LLLAYLLAVLLGLLLGFLILI,A7G,A,G,7.0,,
LLLAYLLGVLLGLLLGFLILI,0.0,27345.2516,1445.009952,27876.90743,28449.1172,25709.73018,G,1609.181541,2263.480023,1937.0391381364093,7.153177114517867,27079.42369,51178.80106512864,110.39172626222296,3660.910285275408,WT,,128.32792343933937,LLLAYLLGVLLGLLLTFLILI,T15G,T,G,15.0,,
LLLVGLLFALLGILLTLLILI,0.0,21347.85612,2659.392748,23732.73048,21830.72504,18480.11285,G,3.063377422,-16.23471559,2369.2406006753085,11.754856632553654,20155.418945,19472.543778817,42.00191637402354,2288.969603911184,WT,,128.3119835957213,LLLVGLLFALLGILLSLLILI,S15T,S,T,15.0,,
LLLIALLALLLGTLLSFLILI,14.0,27242.90544,1887.102768,27904.39891,28710.20672,25114.1107,D,-32.12605877,-19.38455346,1887.1027664377395,6.92695120336196,27242.905443333333,21303.29469882481,50.62794390333202,1475.66882849599,Mutant,,131.9288543801267,LLLGALLALLLGTLLSFLILI,G3I,G,I,3.0,clash,clash
LLLLALLFLLLGILLSTLILI,16.0,28171.09334,1154.276245,28687.74959,28976.79219,26848.73825,D,-60.9866203,-67.17705657,1154.2762454465346,4.097378228735639,28171.09334333333,26801.2514979238,63.694009614899215,1098.1486439046141,Mutant,,151.79210341150932,LLLLALLFALLGILLSTLILI,A8L,A,L,8.0,clash,clash
LLLALLLTVLLISLLGWLILI,14.0,26546.66587,1823.224051,26956.52969,28130.07248,24553.39543,D,7.193311965,51.22629864,1823.2240524020176,6.8679963862857445,26546.665866666663,17179.24275380774,40.827005903902766,1179.869771522771,Mutant,,132.6556351458692,LLLALLLTVLLGSLLGWLILI,G11I,G,I,11.0,clash,clash
LLLALLLTVLLGSLLLWLILI,16.0,26865.12994,1509.060808,27386.90521,28044.06086,25164.42376,D,5.751763305,71.61275688,1509.0608101076994,5.617172942363443,26865.129943333333,19065.60836531624,45.31001258013747,1070.948194393525,Mutant,,147.22187836730117,LLLALLLTVLLGSLLGWLILI,G15L,G,L,15.0,clash,clash
LLLALLLTVLLLSLLGWLILI,16.0,26440.26562,2134.576717,27168.73097,28115.25374,24036.81216,D,8.465400016,59.17735474,2134.576714793559,8.073204502566764,26440.265623333336,16548.999738077553,39.3292137315204,1336.034591984239,Mutant,,127.78898946502832,LLLALLLTVLLGSLLGWLILI,G11L,G,L,11.0,clash,clash
LLLYGLLFVLLILLLATLILI,15.0,26925.7297,1962.576207,27751.9634,28340.09986,24685.12584,D,-15.09444675,5.215328442,1962.5762066682928,7.288850584681807,26925.7297,19424.560301868336,46.16307304635514,1415.8271771346003,Mutant,,153.37412437373595,LLLYGLLFVLLGLLLATLILI,G11I,G,I,11.0,clash,clash
LLLYGLLFVLLLLLLATLILI,17.0,27667.57969,1790.368352,28350.13281,29016.27644,25636.32983,D,21.78308763,-6.515832791,1790.36835299783,6.470997365299827,27667.579693333333,23818.777480048066,56.60606714379931,1541.312463180539,Mutant,,188.0703646766128,LLLYGLLFVLLGLLLATLILI,G11L,G,L,11.0,clash,clash
LLLYGLLFVLLGLLLITLILI,15.0,26576.12285,1836.185122,26671.3237,28362.85566,24694.1892,D,5.888074542,-1.266903557,1836.1851212736613,6.909153496193129,26576.12285333333,17353.726002431187,41.2416707831276,1198.9955668167504,Mutant,,137.02305168722978,LLLYGLLFVLLGLLLATLILI,A15I,A,I,15.0,clash,clash
LLLYTLLAILLGVLLILLILI,15.0,27723.40751,2083.567324,28482.73639,29320.81605,25366.6701,D,-64.95748622,-63.98555078,2083.56732688921,7.515552790136408,27723.40751333333,24149.4636940656,57.39195323933404,1814.965692462326,Mutant,,128.02716043924602,LLLYTLLAILLGVLLALLILI,A15I,A,I,15.0,clash,clash
LLLIALLALLLGTLLGFLILI,14.0,26750.49246,1564.803875,26725.01187,28327.88104,25198.58449,D,17.02115213,38.96772201,1564.8038759107612,5.84962642411401,26750.492466666667,18386.573555369832,43.696265187896174,1075.5458651840727,Mutant,,164.6189404179895,LLLYALLALLLGTLLGFLILI,Y3I,Y,I,3.0,clash,clash
LLLYALLALLLITLLGFLILI,15.0,26061.27089,1748.55766,26434.97788,27592.76288,24156.07191,D,-1.074520264,-8.485509222,1748.5576603592544,6.709410556912617,26061.27089,14304.091491640887,33.99411930713577,959.720224610593,Mutant,,128.06760204150166,LLLYALLALLLGTLLGFLILI,G11I,G,I,11.0,clash,clash
LLLLALLALLLGTLLGFLILI,16.0,26513.6276,1707.713389,26261.19887,28333.5051,24946.17883,D,2.092596775,7.849603817,1707.7133871511005,6.440889239732325,26513.627600000003,16983.546426748937,40.361927482536906,1093.891414325416,Mutant,,152.05733732235387,LLLYALLALLLGTLLGFLILI,Y3L,Y,L,3.0,clash,clash
LLLYALLALLLGTLLLFLILI,17.0,26548.01173,1909.65035,27004.82978,28187.82443,24451.38098,D,-22.87460403,-7.457351622,1909.650350683686,7.193195370355089,26548.01173,17187.214737135848,40.84595157077917,1236.3099347646435,Mutant,,153.8808234303908,LLLYALLALLLGTLLGFLILI,G15L,G,L,15.0,clash,clash
LLLYALLALLLGTLLIFLILI,15.0,26394.06163,1876.481905,27878.80774,27018.37474,24285.00241,D,-12.16668059,-11.18693291,1876.4819029163327,7.109485191106351,26394.06163,16275.318558552868,38.678801877379456,1157.0913627256998,Mutant,,145.7164211703676,LLLYALLALLLGTLLGFLILI,G15I,G,I,15.0,clash,clash
LLLYALLALLLLTLLGFLILI,17.0,26226.54803,2563.987733,26578.13772,28596.59717,23504.9092,D,10.42730332,16.75671643,2563.9877297963826,9.77630653818219,26226.54803,15283.081387543052,36.3207193111435,1494.1208849260768,Mutant,,136.8327087568997,LLLYALLALLLGTLLGFLILI,G11L,G,L,11.0,clash,clash
LLLTFLLVALLILLLGYLILI,15.0,27608.82873,2181.767688,27166.11293,29978.00233,25682.37093,D,-99.99960181,-2.206185765,2181.767687184801,7.902427547801305,27608.82873,23470.776543694414,55.77903207091025,1854.7611112717943,Mutant,,134.8951358353036,LLLTFLLVALLGLLLGYLILI,G11I,G,I,11.0,clash,clash
LLLGALLALLLGTLLIFLILI,14.0,27031.46715,1573.929883,27549.85911,28280.81603,25263.7263,D,27.70557471,32.57396288,1573.9298842242988,5.822584011753816,27031.467146666662,20050.877358813792,47.65153505530832,1167.4791793106576,Mutant,,127.45316776685294,LLLGALLALLLGTLLGFLILI,G15I,G,I,15.0,clash,clash
LLLYLLLAILLITLLTFLILI,15.0,26983.4951,1430.824953,27396.13391,28162.65647,25391.69493,D,-20.90313999,-28.73587006,1430.8249552671566,5.302593121416667,26983.49510333333,19766.72344793954,46.9762344286664,1048.1489178798975,Mutant,,131.72857883288478,LLLYLLLAILLGTLLTFLILI,G11I,G,I,11.0,clash,clash
LLLYLLLAILLLTLLTFLILI,17.0,27187.02989,2051.41188,28321.22307,28420.90388,24818.9627,D,-15.83346541,-41.48069807,2051.411880767918,7.545553484772199,27187.029883333336,20972.325705364063,49.84138577363589,1582.4780530988737,Mutant,,139.76290341007234,LLLYLLLAILLGTLLTFLILI,G11L,G,L,11.0,clash,clash
LLLVGLLFALLITLLSYLILI,15.0,27135.92635,1672.711916,27845.07662,28337.24149,25225.46093,D,36.98363194,20.28154859,1672.711913637561,6.164196837315763,27135.926346666663,20669.622947792523,49.12200323462603,1274.11624403292,Mutant,,135.23725144130145,LLLVGLLFALLGTLLSYLILI,G11I,G,I,11.0,clash,clash
LLLVGLLFALLLTLLSYLILI,17.0,26892.69759,1987.646322,27393.78409,28581.85075,24702.45794,D,45.26053815,15.02472037,1987.646322016616,7.391026188869023,26892.69759333333,19228.90046247964,45.69808133907463,1421.2130690134268,Mutant,,125.8108894077258,LLLVGLLFALLGTLLSYLILI,G11L,G,L,11.0,clash,clash
LLLTGLLFGLLAILLILLILI,6.0,19157.06402,1433.276625,18924.89013,20692.25397,17854.04795,G,-31.791736,-44.86670487,2006.914723146483,10.413007853836076,19273.15096,15432.480728876702,33.28757518178696,1606.98543033967,Mutant,,148.6344913853065,LLLTGLLFGLLAILLSLLILI,S15I,S,I,15.0,clash,clash
LLLLTLLVGLLFALLAGLILI,7.0,20208.82613,1124.404354,20516.20068,21147.57916,18962.69855,G,-11.21608702,3.986724459,1544.9438954140005,7.7034814198198704,20055.138855,19013.343294223097,41.01142943138763,1464.6893679570435,Mutant,,127.61251772565134,LLLLTLLVGLLFALLYGLILI,Y15A,Y,A,15.0,void,void
LLLAGLLFALLGVLLATLILI,6.0,20738.83847,2045.039078,21192.09666,22519.22273,18505.19603,G,15.8282119,8.944474337,2838.345499433861,13.837346562000924,20512.20938,21106.35105452317,45.52600841587235,2920.5589420069073,Mutant,,132.10269985973875,LLLAGLLFLLLGVLLATLILI,L8A,L,A,8.0,void,void
LLLAGLLFLLLIVLLGTLILI,7.0,20643.06736,1523.450726,20782.80036,22091.8378,19054.56394,G,-99.99946979,-99.99946979,2147.6769427266413,10.439196877032392,20573.20087,21385.64200613784,46.1284338271071,2232.489272438069,Mutant,,140.33072986537053,LLLAGLLFLLLGVLLGTLILI,G11I,G,I,11.0,clash,clash
LLLAVLLALLLGTLLGFLILI,6.0,19672.99264,1355.736438,20695.72334,20188.04715,18135.20743,G,-8.927396052,9.430256143,1451.5768867010936,7.575436390304061,19161.62729,14921.793878598728,32.1860331017007,1130.391003565532,Mutant,,149.89075128930443,LLLYVLLALLLGTLLGFLILI,Y3A,Y,A,3.0,void,void
LLLYVLLALLLGTLLGALILI,6.0,19443.9607,1874.748545,20590.78237,20460.60714,17280.49258,G,9.096078255,5.049296282,2248.680570326075,11.91634895119095,18870.54986,13588.89821695396,29.31100183965244,1619.300530154399,Mutant,,136.50169540636986,LLLYVLLALLLGTLLGFLILI,F16A,F,A,16.0,void,void
LLLYVLLFLLLIALLGTLILI,7.0,19292.50424,1893.025094,20989.36273,19637.4096,17250.7404,G,-26.42001805,-33.80566351,1687.6299757690726,9.149984348735694,18444.075,11635.993484029228,25.098622491045187,1064.6915826085797,Mutant,,145.52044681842605,LLLYVLLFLLLGALLGTLILI,G11I,G,I,11.0,clash,clash
LLLYVLLALLLGALLGTLILI,7.0,19305.48635,2103.769653,21050.05331,19897.17397,16969.23178,G,-99.9988625,95.98545233,2070.367777471192,11.231731086077964,18433.202875,11586.20807728932,24.99123629054214,1301.3317343145807,Mutant,,144.89782747408108,LLLYVLLFLLLGALLGTLILI,F7A,F,A,7.0,void,void
LLLAALLFSLLGALLGTLILI,6.0,21223.55456,4656.866377,26455.26694,19683.93886,17531.45787,G,26.38155983,39.60174737,1522.0339044041332,8.179592524280116,18607.698365,12385.25416477737,26.714763905982565,1013.0633237752215,Mutant,,157.43628330023392,LLLAALLFSLLGLLLGTLILI,L12A,L,A,12.0,void,void
LLLGYLLALLLGTLLSALILI,7.0,23871.75894,1140.971946,24786.25449,24235.84568,22593.17664,G,-75.83813733,-79.21212354,1161.542417429194,4.9607801311415205,23414.51116,34396.510485111525,74.19263622483162,1706.3352579514221,Mutant,,126.32729504435056,LLLGYLLALLLGTLLSFLILI,F16A,F,A,16.0,void,void
LLLVGLLFALLGALLSLLILI,7.0,22645.30278,2753.347379,24593.75156,23846.75812,19495.39866,G,-24.44564021,-33.12183539,3076.8757815462336,14.198074162133256,21671.07839,26413.01971599781,56.97239445950667,3750.140127736248,Mutant,,174.04541445680965,LLLVGLLFALLGILLSLLILI,I12A,I,A,12.0,void,void
LLLAGLLAALLGILLTLLILI,7.0,20773.67714,1566.136354,21874.15857,21466.21097,18980.66189,G,-31.64679814,9.15043534,1757.548609439985,8.6906526273289,20223.43643,19784.008019354267,42.67373897373833,1719.3594127249717,Mutant,,145.7525969129505,LLLFGLLAALLGILLTLLILI,F3A,F,A,3.0,void,void
LLLTLLLGILLGFLLSVLILI,,,,,,,G,,,,,,0.0,,,WT,,,,,,,,,
LLLAFLLGTLLGLLLGVLILI,,,,,,,G,,,,,,0.0,,,WT,,,,,,,,,
LLLTLLLGVLLGFLLSILILI,,,,,,,G,,,,,,0.0,,,WT,,,,,,,,,
LLLTFLLGILLGLLLGVLILI,,,,,,,G,,,,,,0.0,,,WT,,,,,,,,,
LLLTLLLGVLLGFLLAILILI,,,,,,,G,,,,,,0.0,,,WT,,,,,,,,,
LLLTLLLGILLGFLLAVLILI,,,,,,,G,,,,,,0.0,,,WT,,,,,,,,,
LLLSYLLGVLLGLLLGFLILI,,,,,,,G,,,,,,0.0,,,WT,,,,,,,,,
LLLTLLLGALLGFLLSILILI,,,,,,,G,,,,,,0.0,,,WT,,,,,,,,,
LLLAFLLGTLLGVLLGLLILI,,,,,,,G,,,,,,0.0,,,WT,,,,,,,,,
LLLFYLLGVLLGLLLGTLILI,,,,,,,G,,,,,,0.0,,,WT,,,,,,,,,
LLLTFLLGVLLGLLLGALILI,,,,,,,G,,,,,,0.0,,,WT,,,,,,,,,
LLLAYLLGTLLGLLLGFLILI,,,,,,,G,,,,,,0.0,,,WT,,,,,,,,,
LLLAFLLGVLLGTLLGLLILI,,,,,,,G,,,,,,0.0,,,WT,,,,,,,,,
LLLAVLLGILLGLLLGFLILI,,,,,,,G,,,,,,0.0,,,WT,,,,,,,,,
LLLTLLLGVLLGLLLGFLILI,,,,,,,G,,,,,,0.0,,,WT,,,,,,,,,
LLLAYLLGLLLGVLLGTLILI,,,,,,,G,,,,,,0.0,,,WT,,,,,,,,,
LLLALLLGTLLGFLLSILILI,,,,,,,G,,,,,,0.0,,,WT,,,,,,,,,
LLLAFLLGLLLGVLLGTLILI,,,,,,,G,,,,,,0.0,,,WT,,,,,,,,,
LLLAYLLGLLLGTLLSFLILI,,,,,,,G,,,,,,0.0,,,WT,,,,,,,,,
LLLAVLLGTLLGLLLSFLILI,,,,,,,G,,,,,,0.0,,,WT,,,,,,,,,
LLLYFLLGILLGVLLSLLILI,,,,,,,G,,,,,,0.0,,,WT,,,,,,,,,
LLLALLLGVLLGTLLGFLILI,,,,,,,G,,,,,,0.0,,,WT,,,,,,,,,
LLLTLLLGVLLGFLLGILILI,,,,,,,G,,,,,,0.0,,,WT,,,,,,,,,
LLLTLLLGLLLGFLLSILILI,,,,,,,G,,,,,,0.0,,,WT,,,,,,,,,
LLLAFLLGTLLGLLLSVLILI,,,,,,,G,,,,,,0.0,,,WT,,,,,,,,,
LLLTFLLGALLGILLSLLILI,,,,,,,G,,,,,,0.0,,,WT,,,,,,,,,
LLLYFLLGTLLGVLLALLILI,,,,,,,G,,,,,,0.0,,,WT,,,,,,,,,
LLLAFLLGTLLGVLLSLLILI,,,,,,,G,,,,,,0.0,,,WT,,,,,,,,,
LLLAFLLGILLGVLLGLLILI,,,,,,,G,,,,,,0.0,,,WT,,,,,,,,,
LLLTLLLGILLGVLLSALILI,,,,,,,G,,,,,,0.0,,,WT,,,,,,,,,
LLLAVLLGTLLGFLLSLLILI,,,,,,,G,,,,,,0.0,,,WT,,,,,,,,,
LLLTFLLGVLLGILLALLILI,,,,,,,G,,,,,,0.0,,,WT,,,,,,,,,
LLLVFLLGTLLGLLLAILILI,,,,,,,G,,,,,,0.0,,,WT,,,,,,,,,
LLLTFLLGLLLGVLLAILILI,,,,,,,G,,,,,,0.0,,,WT,,,,,,,,,
LLLTYLLGVLLGLLLGFLILI,,,,,,,G,,,,,,0.0,,,WT,,,,,,,,,
LLLTVLLGILLGLLLAFLILI,,,,,,,G,,,,,,0.0,,,WT,,,,,,,,,
LLLAYLLGLLLGFLLGTLILI,,,,,,,G,,,,,,0.0,,,WT,,,,,,,,,
LLLALLLGFLLGTLLGVLILI,,,,,,,G,,,,,,0.0,,,WT,,,,,,,,,
LLLYLLLGILLGTLLAFLILI,,,,,,,G,,,,,,0.0,,,WT,,,,,,,,,
LLLTLLLGLLLGFLLSALILI,,,,,,,G,,,,,,0.0,,,WT,,,,,,,,,
LLLSYLLGLLLGVLLGTLILI,,,,,,,G,,,,,,0.0,,,WT,,,,,,,,,
LLLAYLLGTLLGFLLSLLILI,,,,,,,G,,,,,,0.0,,,WT,,,,,,,,,
LLLAYLLGLLLGTLLAFLILI,,,,,,,G,,,,,,0.0,,,WT,,,,,,,,,
LLLYFLLGALLGALLTLLILI,,,,,,,G,,,,,,0.0,,,WT,,,,,,,,,
LLLYVLLGALLGILLTLLILI,,,,,,,G,,,,,,0.0,,,WT,,,,,,,,,
LLLAYLLGTLLGLLLSFLILI,,,,,,,G,,,,,,0.0,,,WT,,,,,,,,,
LLLTGLLFALLGILLSLLILI,,,,,,,G,,,,,,0.0,,,WT,,,,,,,,,
LLLTLLLGVLLGLLLSFLILI,,,,,,,G,,,,,,0.0,,,WT,,,,,,,,,
LLLAYLLGTLLGILLALLILI,,,,,,,G,,,,,,0.0,,,WT,,,,,,,,,
LLLTFLLGLLLGYLLSVLILI,,,,,,,G,,,,,,0.0,,,WT,,,,,,,,,
LLLALLLGVLLGTLLSFLILI,,,,,,,G,,,,,,0.0,,,WT,,,,,,,,,
LLLAFLLGILLGLLLGTLILI,,,,,,,G,,,,,,0.0,,,WT,,,,,,,,,
LLLYLLLGILLGFLLATLILI,,,,,,,G,,,,,,0.0,,,WT,,,,,,,,,
LLLTFLLGVLLGLLLAILILI,,,,,,,G,,,,,,0.0,,,WT,,,,,,,,,
LLLYVLLGLLLGTLLAFLILI,,,,,,,G,,,,,,0.0,,,WT,,,,,,,,,
LLLLTLLVGLLFALLSILILI,,,,,,,G,,,,,,0.0,,,WT,,,,,,,,,
LLLGYLLALLLGTLLSFLILI,,,,,,,G,,,,,,0.0,,,WT,,,,,,,,,
LLLLTLLVGLLFALLSTLILI,,,,,,,G,,,,,,0.0,,,WT,,,,,,,,,
LLLAYLLGLLLGFLLSTLILI,,,,,,,G,,,,,,0.0,,,WT,,,,,,,,,
LLLVFLLAILLGLLLGTLILI,,,,,,,G,,,,,,0.0,,,WT,,,,,,,,,
LLLYGLLFLLLGVLLATLILI,,,,,,,G,,,,,,0.0,,,WT,,,,,,,,,
LLLYFLLAVLLGLLLGTLILI,,,,,,,G,,,,,,0.0,,,WT,,,,,,,,,
LLLYLLLGALLGALLTFLILI,,,,,,,G,,,,,,0.0,,,WT,,,,,,,,,
LLLALLLGLLLGTLLSFLILI,,,,,,,G,,,,,,0.0,,,WT,,,,,,,,,
LLLYFLLATLLGLLLGVLILI,,,,,,,G,,,,,,0.0,,,WT,,,,,,,,,
LLLYVLLGLLLGFLLSTLILI,,,,,,,G,,,,,,0.0,,,WT,,,,,,,,,
LLLYFLLALLLGVLLGTLILI,,,,,,,G,,,,,,0.0,,,WT,,,,,,,,,
LLLAYLLGVLLGLLLAFLILI,,,,,,,G,,,,,,0.0,,,WT,,,,,,,,,
LLLAVLLGLLLGFLLSTLILI,,,,,,,G,,,,,,0.0,,,WT,,,,,,,,,
LLLTGLLFALLGVLLSLLILI,,,,,,,G,,,,,,0.0,,,WT,,,,,,,,,
LLLAYLLGVLLGLLLSFLILI,,,,,,,G,,,,,,0.0,,,WT,,,,,,,,,
LLLVGLLFALLGILLSLLILI,,,,,,,G,,,,,,0.0,,,WT,,,,,,,,,
LLLTLLLGILLGVLLGALILI,,,,,,,G,,,,,,0.0,,,WT,,,,,,,,,
LLLYFLLATLLGVLLALLILI,,,,,,,G,,,,,,0.0,,,WT,,,,,,,,,
LLLAFLLGLLLGTLLTVLILI,,,,,,,G,,,,,,0.0,,,WT,,,,,,,,,
LLLYALLTALLGGLLFLLILI,,,,,,,G,,,,,,0.0,,,WT,,,,,,,,,
LLLYGLLALLLGTLLSFLILI,,,,,,,G,,,,,,0.0,,,WT,,,,,,,,,
LLLVTLLLGLLFALLSTLILI,,,,,,,G,,,,,,0.0,,,WT,,,,,,,,,
LLLTVLLGLLLGFLLSILILI,,,,,,,G,,,,,,0.0,,,WT,,,,,,,,,
LLLLVLLTTLLGGLLFALILI,,,,,,,G,,,,,,0.0,,,WT,,,,,,,,,
LLLYVLLALLLGTLLGFLILI,,,,,,,G,,,,,,0.0,,,WT,,,,,,,,,
LLLTGLLFGLLFALLVLLILI,,,,,,,G,,,,,,0.0,,,WT,,,,,,,,,
LLLGYLLALLLGVLLSTLILI,,,,,,,G,,,,,,0.0,,,WT,,,,,,,,,
LLLLYLLGTLLGSLLAFLILI,,,,,,,G,,,,,,0.0,,,WT,,,,,,,,,
LLLTALLVGLLGGLLFLLILI,,,,,,,G,,,,,,0.0,,,WT,,,,,,,,,
LLLYVLLATLLGLLLGFLILI,,,,,,,G,,,,,,0.0,,,WT,,,,,,,,,
LLLGTLLVGLLFALLSLLILI,,,,,,,G,,,,,,0.0,,,WT,,,,,,,,,
LLLTYLLFVLLGILLALLILI,,,,,,,G,,,,,,0.0,,,WT,,,,,,,,,
LLLLVLLIGLLFGLLFALILI,,,,,,,G,,,,,,0.0,,,WT,,,,,,,,,
LLLTVLLGLLLGFLLSALILI,,,,,,,G,,,,,,0.0,,,WT,,,,,,,,,
LLLTSLLLALLFGLLFALILI,,,,,,,G,,,,,,0.0,,,WT,,,,,,,,,
LLLFGLLATLLGVLLSLLILI,,,,,,,G,,,,,,0.0,,,WT,,,,,,,,,
LLLYGLLFALLGILLTLLILI,,,,,,,G,,,,,,0.0,,,WT,,,,,,,,,
LLLYALLASLLGILLTLLILI,,,,,,,G,,,,,,0.0,,,WT,,,,,,,,,
LLLTVLLGALLGILLSLLILI,,,,,,,G,,,,,,0.0,,,WT,,,,,,,,,
LLLGLLLGALLGTLLSFLILI,,,,,,,G,,,,,,0.0,,,WT,,,,,,,,,
LLLVTLLLGLLFGLLFALILI,,,,,,,G,,,,,,0.0,,,WT,,,,,,,,,
LLLSTLLGALLGLLLGFLILI,,,,,,,G,,,,,,0.0,,,WT,,,,,,,,,
LLLYVLLGILLGLLLAFLILI,,,,,,,G,,,,,,0.0,,,WT,,,,,,,,,
LLLAGLLFLLLGVLLGTLILI,,,,,,,G,,,,,,0.0,,,WT,,,,,,,,,
LLLVALLLTLLGGLLFALILI,,,,,,,G,,,,,,0.0,,,WT,,,,,,,,,
LLLYALLALLLGTLLSFLILI,,,,,,,G,,,,,,0.0,,,WT,,,,,,,,,
LLLAYLLGVLLGLLLTFLILI,,,,,,,G,,,,,,0.0,,,WT,,,,,,,,,
LLLAFLLGLLLGTLLSYLILI,,,,,,,G,,,,,,0.0,,,WT,,,,,,,,,
LLLAGLLFLLLGTLLSYLILI,,,,,,,G,,,,,,0.0,,,WT,,,,,,,,,
LLLFGLLAALLGILLTLLILI,,,,,,,G,,,,,,0.0,,,WT,,,,,,,,,
LLLTVLLLGLLFGLLFALILI,,,,,,,G,,,,,,0.0,,,WT,,,,,,,,,
LLLAFLLGLLLGTLLSVLILI,,,,,,,G,,,,,,0.0,,,WT,,,,,,,,,
LLLTYLLAILLGLLLGFLILI,,,,,,,G,,,,,,0.0,,,WT,,,,,,,,,
LLLTYLLAVLLGLLLAFLILI,,,,,,,G,,,,,,0.0,,,WT,,,,,,,,,
LLLVTLLFSLLGALLSLLILI,,,,,,,G,,,,,,0.0,,,WT,,,,,,,,,
LLLTVLLAILLGLLLGFLILI,,,,,,,G,,,,,,0.0,,,WT,,,,,,,,,
LLLAYLLGFLLGLLLGTLILI,,,,,,,G,,,,,,0.0,,,WT,,,,,,,,,
LLLYALLVGLLFLLLGTLILI,,,,,,,G,,,,,,0.0,,,WT,,,,,,,,,
LLLALLLGALLGTLLSFLILI,,,,,,,G,,,,,,0.0,,,WT,,,,,,,,,
LLLAYLLFLLLGTLLSVLILI,,,,,,,G,,,,,,0.0,,,WT,,,,,,,,,
LLLTFLLAILLGLLLGVLILI,,,,,,,G,,,,,,0.0,,,WT,,,,,,,,,
LLLAVLLTSLLGGLLFLLILI,,,,,,,G,,,,,,0.0,,,WT,,,,,,,,,
LLLALLLGLLLGVLLSTLILI,,,,,,,G,,,,,,0.0,,,WT,,,,,,,,,
LLLYGLLFALLGTLLSLLILI,,,,,,,G,,,,,,0.0,,,WT,,,,,,,,,
LLLTVLLASLLGALLFGLILI,,,,,,,G,,,,,,0.0,,,WT,,,,,,,,,
LLLYVLLATLLGGLLFLLILI,,,,,,,G,,,,,,0.0,,,WT,,,,,,,,,
LLLAGLLFLLLGVLLATLILI,,,,,,,G,,,,,,0.0,,,WT,,,,,,,,,
LLLLTLLVALLAGLLFSLILI,,,,,,,G,,,,,,0.0,,,WT,,,,,,,,,
LLLAALLTSLLGLLLGYLILI,,,,,,,G,,,,,,0.0,,,WT,,,,,,,,,
LLLAALLALLLGVLLGTLILI,,,,,,,G,,,,,,0.0,,,WT,,,,,,,,,
LLLLTLLVGLLFALLYGLILI,,,,,,,G,,,,,,0.0,,,WT,,,,,,,,,
LLLTGLLFGLLAILLSLLILI,,,,,,,G,,,,,,0.0,,,WT,,,,,,,,,
LLLFALLASLLGTLLTLLILI,,,,,,,G,,,,,,0.0,,,WT,,,,,,,,,
LLLFGLLTALLGILLSLLILI,,,,,,,G,,,,,,0.0,,,WT,,,,,,,,,
LLLAYLLAVLLGLLLGFLILI,,,,,,,G,,,,,,0.0,,,WT,,,,,,,,,
LLLTALLFSLLGILLALLILI,,,,,,,G,,,,,,0.0,,,WT,,,,,,,,,
LLLTFLLALLLGYLLGVLILI,,,,,,,G,,,,,,0.0,,,WT,,,,,,,,,
LLLVTLLLSLLAGLLFALILI,,,,,,,G,,,,,,0.0,,,WT,,,,,,,,,
LLLTALLALLLGVLLSILILI,,,,,,,G,,,,,,0.0,,,WT,,,,,,,,,
LLLYFLLATLLGVLLSLLILI,,,,,,,G,,,,,,0.0,,,WT,,,,,,,,,
LLLAVLLGFLLGILLSLLILI,,,,,,,G,,,,,,0.0,,,WT,,,,,,,,,
LLLTFLLAVLLGLLLGILILI,,,,,,,G,,,,,,0.0,,,WT,,,,,,,,,
LLLAVLLIGLLFGLLSTLILI,,,,,,,G,,,,,,0.0,,,WT,,,,,,,,,
LLLYVLLGTLLGFLLSLLILI,,,,,,,G,,,,,,0.0,,,WT,,,,,,,,,
LLLTALLFLLLGVLLGILILI,,,,,,,G,,,,,,0.0,,,WT,,,,,,,,,
LLLATLLGLLLGVLLSILILI,,,,,,,G,,,,,,0.0,,,WT,,,,,,,,,
LLLLVLLTGLLFGLLYALILI,,,,,,,G,,,,,,0.0,,,WT,,,,,,,,,
LLLLALLFALLGILLSTLILI,,,,,,,G,,,,,,0.0,,,WT,,,,,,,,,
LLLYFLLATLLGVLLGLLILI,,,,,,,G,,,,,,0.0,,,WT,,,,,,,,,
LLLTALLIGLLFGLLVLLILI,,,,,,,G,,,,,,0.0,,,WT,,,,,,,,,
LLLAVLLLTLLGGLLFALILI,,,,,,,G,,,,,,0.0,,,WT,,,,,,,,,
LLLLVLLGALLGTLLSFLILI,,,,,,,G,,,,,,0.0,,,WT,,,,,,,,,
LLLYVLLGALLGTLLSFLILI,,,,,,,G,,,,,,0.0,,,WT,,,,,,,,,
LLLTALLLALLFGLLFSLILI,,,,,,,G,,,,,,0.0,,,WT,,,,,,,,,
LLLGYLLATLLGILLSLLILI,,,,,,,G,,,,,,0.0,,,WT,,,,,,,,,
LLLFGLLALLLGVLLSTLILI,,,,,,,G,,,,,,0.0,,,WT,,,,,,,,,
LLLVTLLLTLLGALLSALILI,,,,,,,G,,,,,,0.0,,,WT,,,,,,,,,
LLLTALLAGLLFLLLSVLILI,,,,,,,G,,,,,,0.0,,,WT,,,,,,,,,
LLLFALLASLLGILLTLLILI,,,,,,,G,,,,,,0.0,,,WT,,,,,,,,,
LLLYALLTALLGLLLGFLILI,,,,,,,G,,,,,,0.0,,,WT,,,,,,,,,
LLLVALLFALLGLLLGTLILI,,,,,,,G,,,,,,0.0,,,WT,,,,,,,,,
LLLAGLLYLLLGTLLSFLILI,,,,,,,G,,,,,,0.0,,,WT,,,,,,,,,
LLLALLLGFLLGVLLSTLILI,,,,,,,G,,,,,,0.0,,,WT,,,,,,,,,
LLLAILLGLLLGVLLSTLILI,,,,,,,G,,,,,,0.0,,,WT,,,,,,,,,
LLLAALLFSLLGLLLGTLILI,,,,,,,G,,,,,,0.0,,,WT,,,,,,,,,
LLLLVLLTTLLGALLFGLILI,,,,,,,G,,,,,,0.0,,,WT,,,,,,,,,
LLLYVLLFLLLGALLGTLILI,,,,,,,G,,,,,,0.0,,,WT,,,,,,,,,
LLLTLLLGVLLGLLLAFLILI,,,,,,,G,,,,,,0.0,,,WT,,,,,,,,,
LLLATLLVGLLFLLLGTLILI,,,,,,,G,,,,,,0.0,,,WT,,,,,,,,,
LLLYVLLTLLLGGLLFALILI,,,,,,,G,,,,,,0.0,,,WT,,,,,,,,,
LLLVGLLLALLGLLLGTLILI,,,,,,,G,,,,,,0.0,,,WT,,,,,,,,,
LLLTGLLYVLLGLLLAFLILI,,,,,,,G,,,,,,0.0,,,WT,,,,,,,,,
LLLYALLFLLLGLLLGTLILI,,,,,,,G,,,,,,0.0,,,WT,,,,,,,,,
LLLYLLLGALLGVLLSTLILI,,,,,,,G,,,,,,0.0,,,WT,,,,,,,,,
LLLVLLLATLLGSLLGTLILI,,,,,,,G,,,,,,0.0,,,WT,,,,,,,,,
LLLTALLVGLLGLLLGFLILI,,,,,,,G,,,,,,0.0,,,WT,,,,,,,,,
LLLLVLLATLLGGLLSILILI,,,,,,,G,,,,,,0.0,,,WT,,,,,,,,,
LLLVGLLLILLGALLATLILI,,,,,,,G,,,,,,0.0,,,WT,,,,,,,,,
LLLAFLLGVLLGLLLGTLILI,,,,,,,G,,,,,,0.0,,,WT,,,,,,,,,
LLLYTLLATLLGALLFLLILI,,,,,,,G,,,,,,0.0,,,WT,,,,,,,,,
LLLYTLLALLLGILLAFLILI,,,,,,,G,,,,,,0.0,,,WT,,,,,,,,,
LLLALLLGTLLGLLLGFLILI,,,,,,,G,,,,,,0.0,,,WT,,,,,,,,,
LLLALLLGFLLGVLLGTLILI,,,,,,,G,,,,,,0.0,,,WT,,,,,,,,,
LLLAFLLGLLLGTLLGVLILI,,,,,,,G,,,,,,0.0,,,WT,,,,,,,,,
LLLSYLLGILLGLLLGFLILI,,,,,,,G,,,,,,0.0,,,WT,,,,,,,,,
LLLSYLLGILLGLLLAFLILI,,,,,,,G,,,,,,0.0,,,WT,,,,,,,,,
LLLYFLLGALLGILLTLLILI,,,,,,,G,,,,,,0.0,,,WT,,,,,,,,,
LLLWTLLGILLGLLLGFLILI,,,,,,,G,,,,,,0.0,,,WT,,,,,,,,,
LLLSYLLGVLLGLLLAFLILI,,,,,,,G,,,,,,0.0,,,WT,,,,,,,,,
LLLTLLLGILLGLLLGFLILI,,,,,,,G,,,,,,0.0,,,WT,,,,,,,,,
LLLALLLGILLGLLLGFLILI,,,,,,,G,,,,,,0.0,,,WT,,,,,,,,,
LLLVFLLGTLLGLLLGALILI,,,,,,,G,,,,,,0.0,,,WT,,,,,,,,,
LLLYTLLALLLGVLLAFLILI,,,,,,,G,,,,,,0.0,,,WT,,,,,,,,,
LLLTLLLGILLGLLLAFLILI,,,,,,,G,,,,,,0.0,,,WT,,,,,,,,,
LLLAFLLGTLLGLLLAVLILI,,,,,,,G,,,,,,0.0,,,WT,,,,,,,,,
LLLYTLLAVLLGLLLGFLILI,,,,,,,G,,,,,,0.0,,,WT,,,,,,,,,
LLLYTLLAVLLGILLALLILI,,,,,,,G,,,,,,0.0,,,WT,,,,,,,,,
LLLAFLLGALLGILLTLLILI,,,,,,,G,,,,,,0.0,,,WT,,,,,,,,,
LLLYTLLAILLGVLLALLILI,,,,,,,G,,,,,,0.0,,,WT,,,,,,,,,
LLLAYLLGTLLGLLLAFLILI,,,,,,,G,,,,,,0.0,,,WT,,,,,,,,,
LLLFYLLGTLLGILLALLILI,,,,,,,G,,,,,,0.0,,,WT,,,,,,,,,
LLLYLLLAILLGTLLTFLILI,,,,,,,G,,,,,,0.0,,,WT,,,,,,,,,
LLLYFLLGLLLGVLLATLILI,,,,,,,G,,,,,,0.0,,,WT,,,,,,,,,
LLLSYLLGVLLGTLLGLLILI,,,,,,,G,,,,,,0.0,,,WT,,,,,,,,,
LLLAYLLGTLLGVLLGLLILI,,,,,,,G,,,,,,0.0,,,WT,,,,,,,,,
LLLGLLLGFLLGVLLGTLILI,,,,,,,G,,,,,,0.0,,,WT,,,,,,,,,
LLLSYLLFALLGLLLGTLILI,,,,,,,G,,,,,,0.0,,,WT,,,,,,,,,
LLLYTLLALLLGILLGFLILI,,,,,,,G,,,,,,0.0,,,WT,,,,,,,,,
LLLATLLGILLGLLLGFLILI,,,,,,,G,,,,,,0.0,,,WT,,,,,,,,,
LLLYLLLGVLLGFLLATLILI,,,,,,,G,,,,,,0.0,,,WT,,,,,,,,,
LLLLYLLAVLLGTLLTFLILI,,,,,,,G,,,,,,0.0,,,WT,,,,,,,,,
LLLFYLLGVLLGILLALLILI,,,,,,,G,,,,,,0.0,,,WT,,,,,,,,,
LLLTLLLGSLLGFLLAILILI,,,,,,,G,,,,,,0.0,,,WT,,,,,,,,,
LLLYFLLGSLLGILLALLILI,,,,,,,G,,,,,,0.0,,,WT,,,,,,,,,
LLLAFLLGSLLGILLTLLILI,,,,,,,G,,,,,,0.0,,,WT,,,,,,,,,
LLLVLLLGILLGFLLATLILI,,,,,,,G,,,,,,0.0,,,WT,,,,,,,,,
LLLFYLLGTLLGVLLALLILI,,,,,,,G,,,,,,0.0,,,WT,,,,,,,,,
LLLTALLGILLGLLLGFLILI,,,,,,,G,,,,,,0.0,,,WT,,,,,,,,,
LLLYALLAFLLGLLLGTLILI,,,,,,,G,,,,,,0.0,,,WT,,,,,,,,,
LLLFYLLLTLLGALLGWLILI,,,,,,,G,,,,,,0.0,,,WT,,,,,,,,,
LLLAFLLGTLLGLLLGYLILI,,,,,,,G,,,,,,0.0,,,WT,,,,,,,,,
LLLVLLLGALLGILLTFLILI,,,,,,,G,,,,,,0.0,,,WT,,,,,,,,,
LLLYFLLGILLGLLLATLILI,,,,,,,G,,,,,,0.0,,,WT,,,,,,,,,
LLLYFLLGTLLGILLALLILI,,,,,,,G,,,,,,0.0,,,WT,,,,,,,,,
LLLVYLLATLLGALLFLLILI,,,,,,,G,,,,,,0.0,,,WT,,,,,,,,,
LLLAFLLGTLLGYLLGLLILI,,,,,,,G,,,,,,0.0,,,WT,,,,,,,,,
LLLALLLGFLLGILLGTLILI,,,,,,,G,,,,,,0.0,,,WT,,,,,,,,,
LLLAYLLGVLLGFLLGLLILI,,,,,,,G,,,,,,0.0,,,WT,,,,,,,,,
LLLGLLLGLLLGTLLGFLILI,,,,,,,G,,,,,,0.0,,,WT,,,,,,,,,
LLLTYLLLILLGALLGWLILI,,,,,,,G,,,,,,0.0,,,WT,,,,,,,,,
LLLYILLGVLLGLLLGFLILI,,,,,,,G,,,,,,0.0,,,WT,,,,,,,,,
LLLLYLLAVLLGTLLAFLILI,,,,,,,G,,,,,,0.0,,,WT,,,,,,,,,
LLLYFLLGLLLGTLLAVLILI,,,,,,,G,,,,,,0.0,,,WT,,,,,,,,,
LLLTLLLGLLLGVLLGILILI,,,,,,,G,,,,,,0.0,,,WT,,,,,,,,,
LLLALLLGLLLGTLLGFLILI,,,,,,,G,,,,,,0.0,,,WT,,,,,,,,,
LLLTFLLGILLGVLLALLILI,,,,,,,G,,,,,,0.0,,,WT,,,,,,,,,
LLLTFLLGILLGVLLGLLILI,,,,,,,G,,,,,,0.0,,,WT,,,,,,,,,
LLLAYLLGTLLGFLLGLLILI,,,,,,,G,,,,,,0.0,,,WT,,,,,,,,,
LLLLYLLATLLGILLAFLILI,,,,,,,G,,,,,,0.0,,,WT,,,,,,,,,
LLLAILLGVLLGLLLGFLILI,,,,,,,G,,,,,,0.0,,,WT,,,,,,,,,
LLLSYLLVALLGTLLFLLILI,,,,,,,G,,,,,,0.0,,,WT,,,,,,,,,
LLLYLLLGILLGVLLATLILI,,,,,,,G,,,,,,0.0,,,WT,,,,,,,,,
LLLALLLGILLGTLLGFLILI,,,,,,,G,,,,,,0.0,,,WT,,,,,,,,,
LLLTYLLFALLGLLLGVLILI,,,,,,,G,,,,,,0.0,,,WT,,,,,,,,,
LLLYILLGVLLGLLLAFLILI,,,,,,,G,,,,,,0.0,,,WT,,,,,,,,,
LLLTLLLGLLLGFLLAILILI,,,,,,,G,,,,,,0.0,,,WT,,,,,,,,,
LLLFLLLGILLGVLLATLILI,,,,,,,G,,,,,,0.0,,,WT,,,,,,,,,
LLLYGLLFTLLGVLLALLILI,,,,,,,G,,,,,,0.0,,,WT,,,,,,,,,
LLLAGLLFILLGTLLTLLILI,,,,,,,G,,,,,,0.0,,,WT,,,,,,,,,
LLLYVLLGILLGLLLGFLILI,,,,,,,G,,,,,,0.0,,,WT,,,,,,,,,
LLLTFLLGVLLGLLLGILILI,,,,,,,G,,,,,,0.0,,,WT,,,,,,,,,
LLLYALLFILLGTLLWLLILI,,,,,,,G,,,,,,0.0,,,WT,,,,,,,,,
LLLVFLLGTLLGILLALLILI,,,,,,,G,,,,,,0.0,,,WT,,,,,,,,,
LLLYGLLFVLLGILLALLILI,,,,,,,G,,,,,,0.0,,,WT,,,,,,,,,
LLLYFLLGTLLGLLLAVLILI,,,,,,,G,,,,,,0.0,,,WT,,,,,,,,,
LLLALLLGILLGFLLGTLILI,,,,,,,G,,,,,,0.0,,,WT,,,,,,,,,
LLLTLLLGLLLGYLLAFLILI,,,,,,,G,,,,,,0.0,,,WT,,,,,,,,,
LLLFYLLLILLGALLGTLILI,,,,,,,G,,,,,,0.0,,,WT,,,,,,,,,
LLLTFLLVALLGLLLGYLILI,,,,,,,G,,,,,,0.0,,,WT,,,,,,,,,
LLLALLLGVLLGLLLGFLILI,,,,,,,G,,,,,,0.0,,,WT,,,,,,,,,
LLLYFLLAVLLGTLLTLLILI,,,,,,,G,,,,,,0.0,,,WT,,,,,,,,,
LLLFYLLGVLLGLLLATLILI,,,,,,,G,,,,,,0.0,,,WT,,,,,,,,,
LLLTYLLAVLLGLLLGFLILI,,,,,,,G,,,,,,0.0,,,WT,,,,,,,,,
LLLGYLLASLLGILLTLLILI,,,,,,,G,,,,,,0.0,,,WT,,,,,,,,,
LLLALLLGILLGVLLGTLILI,,,,,,,G,,,,,,0.0,,,WT,,,,,,,,,
LLLTLLLGILLGVLLAFLILI,,,,,,,G,,,,,,0.0,,,WT,,,,,,,,,
LLLALLLGTLLGYLLGFLILI,,,,,,,G,,,,,,0.0,,,WT,,,,,,,,,
LLLAYLLGVLLGTLLGLLILI,,,,,,,G,,,,,,0.0,,,WT,,,,,,,,,
LLLSYLLVALLGILLALLILI,,,,,,,G,,,,,,0.0,,,WT,,,,,,,,,
LLLYTLLAILLGLLLGFLILI,,,,,,,G,,,,,,0.0,,,WT,,,,,,,,,
LLLLFLLGVLLGILLATLILI,,,,,,,G,,,,,,0.0,,,WT,,,,,,,,,
LLLYFLLAVLLGILLTLLILI,,,,,,,G,,,,,,0.0,,,WT,,,,,,,,,
LLLFLLLGTLLGILLAVLILI,,,,,,,G,,,,,,0.0,,,WT,,,,,,,,,
LLLAGLLFVLLGILLTLLILI,,,,,,,G,,,,,,0.0,,,WT,,,,,,,,,
LLLFYLLVLLLGALLGTLILI,,,,,,,G,,,,,,0.0,,,WT,,,,,,,,,
LLLFYLLVALLGLLLGTLILI,,,,,,,G,,,,,,0.0,,,WT,,,,,,,,,
LLLTLLLGLLLGALLGFLILI,,,,,,,G,,,,,,0.0,,,WT,,,,,,,,,
LLLTYLLVLLLGALLGWLILI,,,,,,,G,,,,,,0.0,,,WT,,,,,,,,,
LLLYVLLATLLGALLFLLILI,,,,,,,G,,,,,,0.0,,,WT,,,,,,,,,
LLLLVLLGILLGTLLAFLILI,,,,,,,G,,,,,,0.0,,,WT,,,,,,,,,
LLLYGLLFILLGVLLALLILI,,,,,,,G,,,,,,0.0,,,WT,,,,,,,,,
LLLVYLLLTLLGALLGFLILI,,,,,,,G,,,,,,0.0,,,WT,,,,,,,,,
LLLFLLLGILLGTLLAYLILI,,,,,,,G,,,,,,0.0,,,WT,,,,,,,,,
LLLVYLLFTLLGALLGLLILI,,,,,,,G,,,,,,0.0,,,WT,,,,,,,,,
LLLAVLLGFLLGTLLGLLILI,,,,,,,G,,,,,,0.0,,,WT,,,,,,,,,
LLLYSLLTVLLGILLALLILI,,,,,,,G,,,,,,0.0,,,WT,,,,,,,,,
LLLYLLLGALLGILLTFLILI,,,,,,,G,,,,,,0.0,,,WT,,,,,,,,,
LLLSYLLATLLGALLFLLILI,,,,,,,G,,,,,,0.0,,,WT,,,,,,,,,
LLLYALLFILLGTLLTLLILI,,,,,,,G,,,,,,0.0,,,WT,,,,,,,,,
LLLLYLLGVLLGTLLAFLILI,,,,,,,G,,,,,,0.0,,,WT,,,,,,,,,
LLLLFLLGTLLGILLAVLILI,,,,,,,G,,,,,,0.0,,,WT,,,,,,,,,
LLLSTLLGLLLGVLLAILILI,,,,,,,G,,,,,,0.0,,,WT,,,,,,,,,
LLLTYLLFVLLGALLGLLILI,,,,,,,G,,,,,,0.0,,,WT,,,,,,,,,
LLLYTLLGVLLGLLLGFLILI,,,,,,,G,,,,,,0.0,,,WT,,,,,,,,,
LLLTYLLGVLLGLLLAFLILI,,,,,,,G,,,,,,0.0,,,WT,,,,,,,,,
LLLTYLLAVLLGILLALLILI,,,,,,,G,,,,,,0.0,,,WT,,,,,,,,,
LLLYFLLGVLLGLLLATLILI,,,,,,,G,,,,,,0.0,,,WT,,,,,,,,,
LLLFYLLLILLGGLLATLILI,,,,,,,G,,,,,,0.0,,,WT,,,,,,,,,
LLLTLLLGLLLGVLLAILILI,,,,,,,G,,,,,,0.0,,,WT,,,,,,,,,
LLLAYLLFILLGTLLWLLILI,,,,,,,G,,,,,,0.0,,,WT,,,,,,,,,
LLLTFLLAVLLGILLALLILI,,,,,,,G,,,,,,0.0,,,WT,,,,,,,,,
LLLWTLLALLLGILLGFLILI,,,,,,,G,,,,,,0.0,,,WT,,,,,,,,,
LLLTFLLGVLLGILLGLLILI,,,,,,,G,,,,,,0.0,,,WT,,,,,,,,,
LLLGYLLAALLGILLTLLILI,,,,,,,G,,,,,,0.0,,,WT,,,,,,,,,
LLLAVLLGLLLGTLLGFLILI,,,,,,,G,,,,,,0.0,,,WT,,,,,,,,,
LLLALLLGLLLGTLLAFLILI,,,,,,,G,,,,,,0.0,,,WT,,,,,,,,,
LLLVYLLATLLGILLALLILI,,,,,,,G,,,,,,0.0,,,WT,,,,,,,,,
LLLYLLLGSLLGTLLAFLILI,,,,,,,G,,,,,,0.0,,,WT,,,,,,,,,
LLLYLLLASLLGTLLTFLILI,,,,,,,G,,,,,,0.0,,,WT,,,,,,,,,
LLLTYLLLILLGALLGFLILI,,,,,,,G,,,,,,0.0,,,WT,,,,,,,,,
LLLFGLLASLLGILLTLLILI,,,,,,,G,,,,,,0.0,,,WT,,,,,,,,,
LLLLVLLYTLLGALLGWLILI,,,,,,,G,,,,,,0.0,,,WT,,,,,,,,,
LLLGYLLAALLGTLLFLLILI,,,,,,,G,,,,,,0.0,,,WT,,,,,,,,,
LLLLVLLYILLGALLGTLILI,,,,,,,G,,,,,,0.0,,,WT,,,,,,,,,
LLLAVLLGFLLGLLLGTLILI,,,,,,,G,,,,,,0.0,,,WT,,,,,,,,,
LLLTALLAFLLGLLLGVLILI,,,,,,,G,,,,,,0.0,,,WT,,,,,,,,,
LLLSYLLATLLGGLLVLLILI,,,,,,,G,,,,,,0.0,,,WT,,,,,,,,,
LLLYGLLFALLGTLLTLLILI,,,,,,,G,,,,,,0.0,,,WT,,,,,,,,,
LLLYLLLGALLGFLLATLILI,,,,,,,G,,,,,,0.0,,,WT,,,,,,,,,
LLLLGLLYVLLGTLLAFLILI,,,,,,,G,,,,,,0.0,,,WT,,,,,,,,,
LLLALLLGVLLGFLLGTLILI,,,,,,,G,,,,,,0.0,,,WT,,,,,,,,,
LLLTALLGVLLGLLLGFLILI,,,,,,,G,,,,,,0.0,,,WT,,,,,,,,,
LLLSTLLGALLGILLALLILI,,,,,,,G,,,,,,0.0,,,WT,,,,,,,,,
LLLYLLLASLLGILLTFLILI,,,,,,,G,,,,,,0.0,,,WT,,,,,,,,,
LLLYALLFILLGVLLALLILI,,,,,,,G,,,,,,0.0,,,WT,,,,,,,,,
LLLYLLLAILLGVLLATLILI,,,,,,,G,,,,,,0.0,,,WT,,,,,,,,,
LLLTFLLAVLLGLLLGYLILI,,,,,,,G,,,,,,0.0,,,WT,,,,,,,,,
LLLVLLLAILLGTLLTFLILI,,,,,,,G,,,,,,0.0,,,WT,,,,,,,,,
LLLAYLLFTLLGSLLGLLILI,,,,,,,G,,,,,,0.0,,,WT,,,,,,,,,
LLLAFLLGVLLGILLGLLILI,,,,,,,G,,,,,,0.0,,,WT,,,,,,,,,
LLLTFLLAILLGVLLALLILI,,,,,,,G,,,,,,0.0,,,WT,,,,,,,,,
LLLVYLLFTLLGGLLALLILI,,,,,,,G,,,,,,0.0,,,WT,,,,,,,,,
LLLTALLAFLLGVLLGLLILI,,,,,,,G,,,,,,0.0,,,WT,,,,,,,,,
LLLLFLLGTLLGVLLAILILI,,,,,,,G,,,,,,0.0,,,WT,,,,,,,,,
LLLAYLLGLLLGFLLATLILI,,,,,,,G,,,,,,0.0,,,WT,,,,,,,,,
LLLYLLLATLLGILLAFLILI,,,,,,,G,,,,,,0.0,,,WT,,,,,,,,,
LLLSYLLATLLGALLGLLILI,,,,,,,G,,,,,,0.0,,,WT,,,,,,,,,
LLLAYLLGLLLGTLLGFLILI,,,,,,,G,,,,,,0.0,,,WT,,,,,,,,,
LLLYFLLATLLGILLGLLILI,,,,,,,G,,,,,,0.0,,,WT,,,,,,,,,
LLLTYLLVALLGILLAFLILI,,,,,,,G,,,,,,0.0,,,WT,,,,,,,,,
LLLVYLLALLLGTLLAFLILI,,,,,,,G,,,,,,0.0,,,WT,,,,,,,,,
LLLAFLLGVLLGLLLGYLILI,,,,,,,G,,,,,,0.0,,,WT,,,,,,,,,
LLLAVLLGSLLGILLTLLILI,,,,,,,G,,,,,,0.0,,,WT,,,,,,,,,
LLLSYLLGLLLGFLLATLILI,,,,,,,G,,,,,,0.0,,,WT,,,,,,,,,
LLLAYLLSTLLGGLLFLLILI,,,,,,,G,,,,,,0.0,,,WT,,,,,,,,,
LLLAYLLFTLLGALLGLLILI,,,,,,,G,,,,,,0.0,,,WT,,,,,,,,,
LLLYGLLFLLLGALLTVLILI,,,,,,,G,,,,,,0.0,,,WT,,,,,,,,,
LLLFYLLLTLLGALLGILILI,,,,,,,G,,,,,,0.0,,,WT,,,,,,,,,
LLLYFLLAALLGLLLGTLILI,,,,,,,G,,,,,,0.0,,,WT,,,,,,,,,
LLLVFLLATLLGILLALLILI,,,,,,,G,,,,,,0.0,,,WT,,,,,,,,,
LLLYFLLAVLLGLLLATLILI,,,,,,,G,,,,,,0.0,,,WT,,,,,,,,,
LLLGYLLASLLGILLALLILI,,,,,,,G,,,,,,0.0,,,WT,,,,,,,,,
LLLTGLLFLLLGVLLAILILI,,,,,,,G,,,,,,0.0,,,WT,,,,,,,,,
LLLYLLLGTLLGILLAFLILI,,,,,,,G,,,,,,0.0,,,WT,,,,,,,,,
LLLAVLLFSLLGTLLGYLILI,,,,,,,G,,,,,,0.0,,,WT,,,,,,,,,
LLLTYLLLVLLGALLGILILI,,,,,,,G,,,,,,0.0,,,WT,,,,,,,,,
LLLYLLLAVLLGFLLATLILI,,,,,,,G,,,,,,0.0,,,WT,,,,,,,,,
LLLTYLLFVLLGGLLALLILI,,,,,,,G,,,,,,0.0,,,WT,,,,,,,,,
LLLFYLLLTLLGGLLAILILI,,,,,,,G,,,,,,0.0,,,WT,,,,,,,,,
LLLYFLLAILLGVLLGLLILI,,,,,,,G,,,,,,0.0,,,WT,,,,,,,,,
LLLTFLLAILLGLLLGYLILI,,,,,,,G,,,,,,0.0,,,WT,,,,,,,,,
LLLYFLLATLLGILLALLILI,,,,,,,G,,,,,,0.0,,,WT,,,,,,,,,
LLLFLLLGLLLGVLLGTLILI,,,,,,,G,,,,,,0.0,,,WT,,,,,,,,,
LLLAVLLYLLLGTLLAFLILI,,,,,,,G,,,,,,0.0,,,WT,,,,,,,,,
LLLTYLLVALLGLLLGFLILI,,,,,,,G,,,,,,0.0,,,WT,,,,,,,,,
LLLAVLLYTLLGGLLALLILI,,,,,,,G,,,,,,0.0,,,WT,,,,,,,,,
LLLAFLLGLLLGTLLGILILI,,,,,,,G,,,,,,0.0,,,WT,,,,,,,,,
LLLSTLLGALLGFLLALLILI,,,,,,,G,,,,,,0.0,,,WT,,,,,,,,,
LLLYFLLALLLGTLLGVLILI,,,,,,,G,,,,,,0.0,,,WT,,,,,,,,,
LLLSTLLGALLGLLLAFLILI,,,,,,,G,,,,,,0.0,,,WT,,,,,,,,,
LLLTVLLALLLGILLAFLILI,,,,,,,G,,,,,,0.0,,,WT,,,,,,,,,
LLLYVLLGALLGFLLALLILI,,,,,,,G,,,,,,0.0,,,WT,,,,,,,,,
LLLAGLLFTLLGLLLGYLILI,,,,,,,G,,,,,,0.0,,,WT,,,,,,,,,
LLLLFLLATLLGVLLAILILI,,,,,,,G,,,,,,0.0,,,WT,,,,,,,,,
LLLTALLAFLLGILLGLLILI,,,,,,,G,,,,,,0.0,,,WT,,,,,,,,,
LLLTFLLALLLGVLLAILILI,,,,,,,G,,,,,,0.0,,,WT,,,,,,,,,
LLLTALLFYLLGLLLGVLILI,,,,,,,G,,,,,,0.0,,,WT,,,,,,,,,
LLLALLLTVLLGSLLGWLILI,,,,,,,G,,,,,,0.0,,,WT,,,,,,,,,
LLLTVLLALLLGLLLGFLILI,,,,,,,G,,,,,,0.0,,,WT,,,,,,,,,
LLLLFLLATLLGILLAVLILI,,,,,,,G,,,,,,0.0,,,WT,,,,,,,,,
LLLTGLLFLLLGVLLALLILI,,,,,,,G,,,,,,0.0,,,WT,,,,,,,,,
LLLTYLLLILLGGLLAFLILI,,,,,,,G,,,,,,0.0,,,WT,,,,,,,,,
LLLYGLLFVLLGLLLATLILI,,,,,,,G,,,,,,0.0,,,WT,,,,,,,,,
LLLAVLLGLLLGLLLGFLILI,,,,,,,G,,,,,,0.0,,,WT,,,,,,,,,
LLLAVLLTTLLGGLLFLLILI,,,,,,,G,,,,,,0.0,,,WT,,,,,,,,,
LLLAFLLALLLGVLLGTLILI,,,,,,,G,,,,,,0.0,,,WT,,,,,,,,,
LLLYLLLAVLLGTLLAFLILI,,,,,,,G,,,,,,0.0,,,WT,,,,,,,,,
LLLAGLLFLLLGTLLAVLILI,,,,,,,G,,,,,,0.0,,,WT,,,,,,,,,
LLLGYLLALLLGSLLAFLILI,,,,,,,G,,,,,,0.0,,,WT,,,,,,,,,
LLLAYLLLTLLGGLLSFLILI,,,,,,,G,,,,,,0.0,,,WT,,,,,,,,,
LLLTVLLAILLGLLLSFLILI,,,,,,,G,,,,,,0.0,,,WT,,,,,,,,,
LLLFVLLILLLGALLGTLILI,,,,,,,G,,,,,,0.0,,,WT,,,,,,,,,
LLLAGLLYFLLGVLLGLLILI,,,,,,,G,,,,,,0.0,,,WT,,,,,,,,,
LLLAYLLGFLLGTLLGLLILI,,,,,,,G,,,,,,0.0,,,WT,,,,,,,,,
LLLTYLLAVLLGFLLGLLILI,,,,,,,G,,,,,,0.0,,,WT,,,,,,,,,
LLLAVLLGLLLGFLLGTLILI,,,,,,,G,,,,,,0.0,,,WT,,,,,,,,,
LLLAVLLYTLLGGLLFLLILI,,,,,,,G,,,,,,0.0,,,WT,,,,,,,,,
LLLYLLLATLLGVLLSILILI,,,,,,,G,,,,,,0.0,,,WT,,,,,,,,,
LLLAGLLFVLLGILLSLLILI,,,,,,,G,,,,,,0.0,,,WT,,,,,,,,,
LLLTALLAALLGILLSLLILI,,,,,,,G,,,,,,0.0,,,WT,,,,,,,,,
LLLTGLLFLLLGSLLAYLILI,,,,,,,G,,,,,,0.0,,,WT,,,,,,,,,
LLLALLLGTLLGILLSFLILI,,,,,,,G,,,,,,0.0,,,WT,,,,,,,,,
LLLTVLLAILLGLLLAFLILI,,,,,,,G,,,,,,0.0,,,WT,,,,,,,,,
LLLLFLLAVLLGILLSTLILI,,,,,,,G,,,,,,0.0,,,WT,,,,,,,,,
LLLYLLLAVLLGTLLGFLILI,,,,,,,G,,,,,,0.0,,,WT,,,,,,,,,
LLLYLLLALLLGTLLAFLILI,,,,,,,G,,,,,,0.0,,,WT,,,,,,,,,
LLLGYLLFALLGVLLSLLILI,,,,,,,G,,,,,,0.0,,,WT,,,,,,,,,
LLLGYLLFLLLGSLLAFLILI,,,,,,,G,,,,,,0.0,,,WT,,,,,,,,,
LLLAYLLLTLLGGLLFVLILI,,,,,,,G,,,,,,0.0,,,WT,,,,,,,,,
LLLVFLLATLLGLLLSILILI,,,,,,,G,,,,,,0.0,,,WT,,,,,,,,,
LLLTALLFLLLGLLLGVLILI,,,,,,,G,,,,,,0.0,,,WT,,,,,,,,,
LLLTYLLVLLLGALLSFLILI,,,,,,,G,,,,,,0.0,,,WT,,,,,,,,,
LLLAYLLVFLLGLLLGTLILI,,,,,,,G,,,,,,0.0,,,WT,,,,,,,,,
LLLGYLLATLLGFLLSLLILI,,,,,,,G,,,,,,0.0,,,WT,,,,,,,,,
LLLYVLLGILLGFLLALLILI,,,,,,,G,,,,,,0.0,,,WT,,,,,,,,,
LLLYLLLGFLLGVLLTILILI,,,,,,,G,,,,,,0.0,,,WT,,,,,,,,,
LLLYALLALLLGVLLSTLILI,,,,,,,G,,,,,,0.0,,,WT,,,,,,,,,
LLLTVLLGLLLGFLLAILILI,,,,,,,G,,,,,,0.0,,,WT,,,,,,,,,
LLLAGLLYLLLGLLLGFLILI,,,,,,,G,,,,,,0.0,,,WT,,,,,,,,,
LLLTALLAALLGVLLSLLILI,,,,,,,G,,,,,,0.0,,,WT,,,,,,,,,
LLLAVLLYILLGLLLGTLILI,,,,,,,G,,,,,,0.0,,,WT,,,,,,,,,
LLLYLLLAFLLGVLLATLILI,,,,,,,G,,,,,,0.0,,,WT,,,,,,,,,
LLLAVLLYTLLGLLLGFLILI,,,,,,,G,,,,,,0.0,,,WT,,,,,,,,,
LLLVGLLFALLGTLLSYLILI,,,,,,,G,,,,,,0.0,,,WT,,,,,,,,,
LLLAYLLFVLLGTLLGLLILI,,,,,,,G,,,,,,0.0,,,WT,,,,,,,,,
LLLTLLLAVLLGLLLGFLILI,,,,,,,G,,,,,,0.0,,,WT,,,,,,,,,
LLLAFLLVLLLGLLLGTLILI,,,,,,,G,,,,,,0.0,,,WT,,,,,,,,,
LLLSYLLALLLGTLLGFLILI,,,,,,,G,,,,,,0.0,,,WT,,,,,,,,,
LLLGYLLAFLLGLLLGTLILI,,,,,,,G,,,,,,0.0,,,WT,,,,,,,,,
LLLYALLFILLGLLLGTLILI,,,,,,,G,,,,,,0.0,,,WT,,,,,,,,,
LLLAVLLTILLGGLLFLLILI,,,,,,,G,,,,,,0.0,,,WT,,,,,,,,,
LLLYLLLGVLLGTLLAFLILI,,,,,,,G,,,,,,0.0,,,WT,,,,,,,,,
LLLAGLLYILLGLLLGFLILI,,,,,,,G,,,,,,0.0,,,WT,,,,,,,,,
LLLFTLLGALLGILLSLLILI,,,,,,,G,,,,,,0.0,,,WT,,,,,,,,,
LLLTVLLGLLLGALLSFLILI,,,,,,,G,,,,,,0.0,,,WT,,,,,,,,,
LLLAVLLGILLGLLLTFLILI,,,,,,,G,,,,,,0.0,,,WT,,,,,,,,,
LLLYLLLAFLLGTLLGVLILI,,,,,,,G,,,,,,0.0,,,WT,,,,,,,,,
LLLTVLLGLLLGYLLGFLILI,,,,,,,G,,,,,,0.0,,,WT,,,,,,,,,
LLLYALLALLLGTLLGFLILI,,,,,,,G,,,,,,0.0,,,WT,,,,,,,,,
LLLYTLLGALLGILLSVLILI,,,,,,,G,,,,,,0.0,,,WT,,,,,,,,,
LLLLVLLATLLGYLLSFLILI,,,,,,,G,,,,,,0.0,,,WT,,,,,,,,,
LLLTALLASLLGLLLGFLILI,,,,,,,G,,,,,,0.0,,,WT,,,,,,,,,
LLLAALLALLLGFLLGTLILI,,,,,,,G,,,,,,0.0,,,WT,,,,,,,,,
LLLTVLLGALLGLLLGFLILI,,,,,,,G,,,,,,0.0,,,WT,,,,,,,,,
LLLYILLALLLGVLLSTLILI,,,,,,,G,,,,,,0.0,,,WT,,,,,,,,,
LLLGALLALLLGTLLSFLILI,,,,,,,G,,,,,,0.0,,,WT,,,,,,,,,
LLLTFLLGVLLGLLLSILILI,,,,,,,G,,,,,,0.0,,,WT,,,,,,,,,
LLLTALLALLLGVLLSFLILI,,,,,,,G,,,,,,0.0,,,WT,,,,,,,,,
LLLAALLYTLLGGLLFLLILI,,,,,,,G,,,,,,0.0,,,WT,,,,,,,,,
LLLYALLFLLLGTLLGVLILI,,,,,,,G,,,,,,0.0,,,WT,,,,,,,,,
LLLTALLGVLLGLLLSFLILI,,,,,,,G,,,,,,0.0,,,WT,,,,,,,,,
LLLAVLLTTLLGALLGLLILI,,,,,,,G,,,,,,0.0,,,WT,,,,,,,,,
LLLAYLLTVLLGLLLGFLILI,,,,,,,G,,,,,,0.0,,,WT,,,,,,,,,
LLLYVLLTILLGLLLGALILI,,,,,,,G,,,,,,0.0,,,WT,,,,,,,,,
LLLYVLLGILLGTLLSLLILI,,,,,,,G,,,,,,0.0,,,WT,,,,,,,,,
LLLYILLATLLGVLLSLLILI,,,,,,,G,,,,,,0.0,,,WT,,,,,,,,,
LLLTYLLVLLLGALLGFLILI,,,,,,,G,,,,,,0.0,,,WT,,,,,,,,,
LLLAFLLATLLGLLLGVLILI,,,,,,,G,,,,,,0.0,,,WT,,,,,,,,,
LLLTGLLLLLLGALLGYLILI,,,,,,,G,,,,,,0.0,,,WT,,,,,,,,,
LLLLFLLAILLGTLLGVLILI,,,,,,,G,,,,,,0.0,,,WT,,,,,,,,,
LLLAVLLFLLLGLLLGTLILI,,,,,,,G,,,,,,0.0,,,WT,,,,,,,,,
LLLYVLLTILLGALLSLLILI,,,,,,,G,,,,,,0.0,,,WT,,,,,,,,,
LLLFVLLTLLLGLLLGALILI,,,,,,,G,,,,,,0.0,,,WT,,,,,,,,,
LLLAALLFLLLGLLLGTLILI,,,,,,,G,,,,,,0.0,,,WT,,,,,,,,,
LLLASLLTLLLGVLLGFLILI,,,,,,,none,,,,,,0.0,,,Mutant,,,,,,,,,
LLLYALLVLLLGTLLAFLILI,,,,,,,none,,,,,,0.0,,,Mutant,,,,,,,,,
LLLYVLLTLLLGALLGFLILI,,,,,,,none,,,,,,0.0,,,Mutant,,,,,,,,,
LLLASLLVGLLFLLLGLLILI,,,,,,,none,,,,,,0.0,,,Mutant,,,,,,,,,
LLLYVLLTLLLGALLSFLILI,,,,,,,none,,,,,,0.0,,,Mutant,,,,,,,,,
LLLYVLLTLLLGALLAFLILI,,,,,,,none,,,,,,0.0,,,Mutant,,,,,,,,,
LLLASLLFLLLGYLLGTLILI,,,,,,,none,,,,,,0.0,,,Mutant,,,,,,,,,
LLLYILLTLLLGALLAFLILI,,,,,,,none,,,,,,0.0,,,Mutant,,,,,,,,,
LLLATLLVGLLFLLLGLLILI,,,,,,,none,,,,,,0.0,,,Mutant,,,,,,,,,
LLLYTLLVGLLFALLGLLILI,,,,,,,none,,,,,,0.0,,,Mutant,,,,,,,,,
LLLTALLFLLLGLLLGSLILI,,,,,,,none,,,,,,0.0,,,Mutant,,,,,,,,,
LLLTALLFLLLGVLLASLILI,,,,,,,none,,,,,,0.0,,,Mutant,,,,,,,,,
LLLSYLLGLLLGFLLGTLILI,,,,,,,none,,,,,,0.0,,,Mutant,,,,,,,,,
LLLYALLFLLLGTLLSILILI,,,,,,,none,,,,,,0.0,,,Mutant,,,,,,,,,
LLLTSLLFLLLGALLAYLILI,,,,,,,none,,,,,,0.0,,,Mutant,,,,,,,,,
LLLTVLLAYLLGLLLGFLILI,,,,,,,none,,,,,,0.0,,,Mutant,,,,,,,,,
LLLFSLLTALLGLLLGVLILI,,,,,,,none,,,,,,0.0,,,Mutant,,,,,,,,,
LLLTSLLLGLLFALLAYLILI,,,,,,,none,,,,,,0.0,,,Mutant,,,,,,,,,
LLLYILLGLLLGTLLAFLILI,,,,,,,none,,,,,,0.0,,,Mutant,,,,,,,,,
LLLTSLLVGLLFALLAYLILI,,,,,,,none,,,,,,0.0,,,Mutant,,,,,,,,,
LLLVLLLTGLLFALLAYLILI,,,,,,,none,,,,,,0.0,,,Mutant,,,,,,,,,
LLLYLLLGALLAFLLSTLILI,,,,,,,none,,,,,,0.0,,,Mutant,,,,,,,,,
LLLGYLLFLLLGVLLASLILI,,,,,,,none,,,,,,0.0,,,Mutant,,,,,,,,,
LLLTSLLFALLGLLLGVLILI,,,,,,,none,,,,,,0.0,,,Mutant,,,,,,,,,
LLLATLLVGLLFGLLFLLILI,,,,,,,none,,,,,,0.0,,,Mutant,,,,,,,,,
LLLTFLLALLLGYLLGSLILI,,,,,,,none,,,,,,0.0,,,Mutant,,,,,,,,,
LLLAYLLFLLLGTLLSILILI,,,,,,,none,,,,,,0.0,,,Mutant,,,,,,,,,
LLLALLLTVLLGGLLFSLILI,,,,,,,none,,,,,,0.0,,,Mutant,,,,,,,,,
LLLSYLLAVLLGLLLGTLILI,,,,,,,none,,,,,,0.0,,,Mutant,,,,,,,,,
LLLFYLLGVLLGLLLASLILI,,,,,,,none,,,,,,0.0,,,Mutant,,,,,,,,,
LLLSYLLVLLLGALLAFLILI,,,,,,,none,,,,,,0.0,,,Mutant,,,,,,,,,
LLLWSLLTLLLGVLLAFLILI,,,,,,,none,,,,,,0.0,,,Mutant,,,,,,,,,
LLLYSLLTLLLGFLLAILILI,,,,,,,none,,,,,,0.0,,,Mutant,,,,,,,,,
LLLTFLLGLLLGYLLASLILI,,,,,,,none,,,,,,0.0,,,Mutant,,,,,,,,,
LLLYLLLGALLGFLLSTLILI,,,,,,,none,,,,,,0.0,,,Mutant,,,,,,,,,
LLLTYLLALLLGFLLASLILI,,,,,,,none,,,,,,0.0,,,Mutant,,,,,,,,,
LLLYTLLVALLALLLGLLILI,,,,,,,none,,,,,,0.0,,,Mutant,,,,,,,,,
LLLYLLLGALLGTLLFSLILI,,,,,,,none,,,,,,0.0,,,Mutant,,,,,,,,,
LLLLFLLATLLGILLASLILI,,,,,,,none,,,,,,0.0,,,Mutant,,,,,,,,,
LLLAYLLGVLLGLLLGSLILI,,,,,,,none,,,,,,0.0,,,Mutant,,,,,,,,,
LLLSYLLALLLGFLLGTLILI,,,,,,,none,,,,,,0.0,,,Mutant,,,,,,,,,
LLLSYLLTVLLGILLALLILI,,,,,,,none,,,,,,0.0,,,Mutant,,,,,,,,,
LLLLFLLATLLGYLLSILILI,,,,,,,none,,,,,,0.0,,,Mutant,,,,,,,,,
LLLYLLLGALLGILLSTLILI,,,,,,,none,,,,,,0.0,,,Mutant,,,,,,,,,
LLLTALLFLLLGYLLGSLILI,,,,,,,none,,,,,,0.0,,,Mutant,,,,,,,,,
LLLTVLLALLLGFLLGSLILI,,,,,,,none,,,,,,0.0,,,Mutant,,,,,,,,,
LLLSSLLALLLGVLLGTLILI,,,,,,,none,,,,,,0.0,,,Mutant,,,,,,,,,
LLLYALLFLLLGTLLGSLILI,,,,,,,none,,,,,,0.0,,,Mutant,,,,,,,,,
LLLTLLLGLLLGVLLGSLILI,,,,,,,none,,,,,,0.0,,,Mutant,,,,,,,,,
LLLSYLLVLLLGLLLGTLILI,,,,,,,none,,,,,,0.0,,,Mutant,,,,,,,,,
LLLYFLLALLLGTLLGSLILI,,,,,,,none,,,,,,0.0,,,Mutant,,,,,,,,,
LLLSYLLGLLLGVLLSTLILI,,,,,,,none,,,,,,0.0,,,Mutant,,,,,,,,,
LLLYFLLATLLGILLSLLILI,,,,,,,none,,,,,,0.0,,,Mutant,,,,,,,,,
LLLTSLLVGLLAYLLGLLILI,,,,,,,none,,,,,,0.0,,,Mutant,,,,,,,,,
LLLTYLLGVLLGLLLASLILI,,,,,,,none,,,,,,0.0,,,Mutant,,,,,,,,,
LLLTYLLGVLLGILLALLILI,,,,,,,none,,,,,,0.0,,,Mutant,,,,,,,,,
LLLSYLLGFLLGTLLGLLILI,,,,,,,none,,,,,,0.0,,,Mutant,,,,,,,,,
LLLSYLLVALLGALLGLLILI,,,,,,,none,,,,,,0.0,,,Mutant,,,,,,,,,
LLLYSLLFALLGALLTLLILI,,,,,,,none,,,,,,0.0,,,Mutant,,,,,,,,,
LLLYFLLTILLGVLLALLILI,,,,,,,none,,,,,,0.0,,,Mutant,,,,,,,,,
LLLSYLLGVLLGTLLGFLILI,,,,,,,none,,,,,,0.0,,,Mutant,,,,,,,,,
LLLSYLLGVLLGLLLATLILI,,,,,,,none,,,,,,0.0,,,Mutant,,,,,,,,,
LLLYVLLFTLLGALLGLLILI,,,,,,,none,,,,,,0.0,,,Mutant,,,,,,,,,
LLLYLLLAVLLGTLLSFLILI,,,,,,,none,,,,,,0.0,,,Mutant,,,,,,,,,
LLLTILLALLLGFLLGSLILI,,,,,,,none,,,,,,0.0,,,Mutant,,,,,,,,,
LLLSYLLVLLLGFLLATLILI,,,,,,,none,,,,,,0.0,,,Mutant,,,,,,,,,
LLLYFLLATLLGLLLGSLILI,,,,,,,none,,,,,,0.0,,,Mutant,,,,,,,,,
LLLAYLLTILLGLLLGSLILI,,,,,,,none,,,,,,0.0,,,Mutant,,,,,,,,,
LLLTFLLGLLLGYLLSILILI,,,,,,,none,,,,,,0.0,,,Mutant,,,,,,,,,
LLLYILLTVLLGFLLALLILI,,,,,,,none,,,,,,0.0,,,Mutant,,,,,,,,,
LLLYGLLFLLLGVLLASLILI,,,,,,,none,,,,,,0.0,,,Mutant,,,,,,,,,
LLLTFLLGILLGVLLSLLILI,,,,,,,none,,,,,,0.0,,,Mutant,,,,,,,,,
LLLTYLLGVLLGLLLSFLILI,,,,,,,none,,,,,,0.0,,,Mutant,,,,,,,,,
LLLYVLLTLLLGTLLAFLILI,,,,,,,none,,,,,,0.0,,,Mutant,,,,,,,,,
LLLTFLLGLLLGVLLGSLILI,,,,,,,none,,,,,,0.0,,,Mutant,,,,,,,,,
LLLTLLLGILLGVLLSLLILI,,,,,,,none,,,,,,0.0,,,Mutant,,,,,,,,,
LLLTYLLAVLLGILLGLLILI,,,,,,,none,,,,,,0.0,,,Mutant,,,,,,,,,
LLLTYLLALLLGVLLGSLILI,,,,,,,none,,,,,,0.0,,,Mutant,,,,,,,,,
LLLAGLLFLLLGTLLGSLILI,,,,,,,none,,,,,,0.0,,,Mutant,,,,,,,,,
LLLSFLLVLLLGTLLAYLILI,,,,,,,none,,,,,,0.0,,,Mutant,,,,,,,,,
LLLASLLTLLLGYLLGVLILI,,,,,,,none,,,,,,0.0,,,Mutant,,,,,,,,,
LLLYLLLASLLGILLAFLILI,,,,,,,none,,,,,,0.0,,,Mutant,,,,,,,,,
LLLSYLLGTLLGLLLAFLILI,,,,,,,none,,,,,,0.0,,,Mutant,,,,,,,,,
LLLSYLLVALLGLLLGFLILI,,,,,,,none,,,,,,0.0,,,Mutant,,,,,,,,,
LLLSYLLTVLLGTLLAFLILI,,,,,,,none,,,,,,0.0,,,Mutant,,,,,,,,,
LLLSYLLAILLGLLLGFLILI,,,,,,,none,,,,,,0.0,,,Mutant,,,,,,,,,
LLLYVLLGILLGLLLSFLILI,,,,,,,none,,,,,,0.0,,,Mutant,,,,,,,,,
LLLYLLLAFLLGVLLGSLILI,,,,,,,none,,,,,,0.0,,,Mutant,,,,,,,,,
LLLYLLLAILLGFLLSTLILI,,,,,,,none,,,,,,0.0,,,Mutant,,,,,,,,,
LLLTYLLFLLLGVLLGSLILI,,,,,,,none,,,,,,0.0,,,Mutant,,,,,,,,,
LLLTFLLAVLLGILLGLLILI,,,,,,,none,,,,,,0.0,,,Mutant,,,,,,,,,
LLLAYLLFLLLGVLLGSLILI,,,,,,,none,,,,,,0.0,,,Mutant,,,,,,,,,
LLLYLLLTTLLAGLLFSLILI,,,,,,,none,,,,,,0.0,,,Mutant,,,,,,,,,
LLLSYLLFVLLGILLALLILI,,,,,,,none,,,,,,0.0,,,Mutant,,,,,,,,,
LLLYILLGVLLGLLLSFLILI,,,,,,,none,,,,,,0.0,,,Mutant,,,,,,,,,
LLLYFLLGVLLGLLLSTLILI,,,,,,,none,,,,,,0.0,,,Mutant,,,,,,,,,
LLLSYLLFLLLGVLLGSLILI,,,,,,,none,,,,,,0.0,,,Mutant,,,,,,,,,
LLLSTLLGFLLGVLLGLLILI,,,,,,,none,,,,,,0.0,,,Mutant,,,,,,,,,
LLLSSLLFLLLGVLLGTLILI,,,,,,,none,,,,,,0.0,,,Mutant,,,,,,,,,
LLLTFLLGILLGLLLGSLILI,,,,,,,none,,,,,,0.0,,,Mutant,,,,,,,,,
LLLFVLLTILLGALLSLLILI,,,,,,,none,,,,,,0.0,,,Mutant,,,,,,,,,
LLLSTLLGLLLGVLLGILILI,,,,,,,none,,,,,,0.0,,,Mutant,,,,,,,,,
LLLTFLLAVLLGLLLGSLILI,,,,,,,none,,,,,,0.0,,,Mutant,,,,,,,,,
LLLSYLLILLLGTLLAFLILI,,,,,,,none,,,,,,0.0,,,Mutant,,,,,,,,,
LLLTFLLGLLLGVLLSILILI,,,,,,,none,,,,,,0.0,,,Mutant,,,,,,,,,
LLLYLLLGALLGTLLSFLILI,,,,,,,none,,,,,,0.0,,,Mutant,,,,,,,,,
LLLTYLLGLLLGFLLASLILI,,,,,,,none,,,,,,0.0,,,Mutant,,,,,,,,,
LLLYFLLAVLLGLLLGSLILI,,,,,,,none,,,,,,0.0,,,Mutant,,,,,,,,,
LLLSYLLTALLGALLGFLILI,,,,,,,none,,,,,,0.0,,,Mutant,,,,,,,,,
LLLAYLLVFLLGLLLGSLILI,,,,,,,none,,,,,,0.0,,,Mutant,,,,,,,,,
LLLYLLLGTLLGFLLSILILI,,,,,,,none,,,,,,0.0,,,Mutant,,,,,,,,,
LLLYILLATLLGLLLGFLILI,,,,,,,none,,,,,,0.0,,,Mutant,,,,,,,,,
LLLTYLLAFLLGVLLGLLILI,,,,,,,none,,,,,,0.0,,,Mutant,,,,,,,,,
LLLSTLLGALLGLLLAVLILI,,,,,,,none,,,,,,0.0,,,Mutant,,,,,,,,,
LLLSYLLGLLLGFLLSTLILI,,,,,,,none,,,,,,0.0,,,Mutant,,,,,,,,,
LLLSYLLTVLLGILLGLLILI,,,,,,,none,,,,,,0.0,,,Mutant,,,,,,,,,
LLLYALLTLLLGFLLGILILI,,,,,,,none,,,,,,0.0,,,Mutant,,,,,,,,,
LLLYFLLGLLLGVLLGSLILI,,,,,,,none,,,,,,0.0,,,Mutant,,,,,,,,,
LLLYLLLGFLLGTLLGSLILI,,,,,,,none,,,,,,0.0,,,Mutant,,,,,,,,,
LLLTLLLGLLLGVLLASLILI,,,,,,,none,,,,,,0.0,,,Mutant,,,,,,,,,
LLLSYLLVLLLGFLLGTLILI,,,,,,,none,,,,,,0.0,,,Mutant,,,,,,,,,
LLLTSLLFALLGILLALLILI,,,,,,,none,,,,,,0.0,,,Mutant,,,,,,,,,
LLLSSLLALLLGTLLGFLILI,,,,,,,none,,,,,,0.0,,,Mutant,,,,,,,,,
LLLYFLLGTLLGALLGLLILI,,,,,,,none,,,,,,0.0,,,Mutant,,,,,,,,,
LLLYFLLGTLLGLLLGSLILI,,,,,,,none,,,,,,0.0,,,Mutant,,,,,,,,,
LLLLFLLGILLGTLLASLILI,,,,,,,none,,,,,,0.0,,,Mutant,,,,,,,,,
LLLAYLLGVLLGLLLSTLILI,,,,,,,none,,,,,,0.0,,,Mutant,,,,,,,,,
LLLTLLLFYLLGVLLGSLILI,,,,,,,none,,,,,,0.0,,,Mutant,,,,,,,,,
LLLYLLLGILLGFLLSTLILI,,,,,,,none,,,,,,0.0,,,Mutant,,,,,,,,,
LLLSYLLVLLLGALLGFLILI,,,,,,,none,,,,,,0.0,,,Mutant,,,,,,,,,
LLLYSLLALLLGTLLGFLILI,,,,,,,none,,,,,,0.0,,,Mutant,,,,,,,,,
LLLLFLLGTLLGALLAYLILI,,,,,,,none,,,,,,0.0,,,Mutant,,,,,,,,,
LLLAYLLFLLLGTLLGSLILI,,,,,,,none,,,,,,0.0,,,Mutant,,,,,,,,,
LLLYFLLGALLGILLSLLILI,,,,,,,none,,,,,,0.0,,,Mutant,,,,,,,,,
LLLSYLLVLLLGTLLAFLILI,,,,,,,none,,,,,,0.0,,,Mutant,,,,,,,,,
LLLYILLGLLLGTLLASLILI,,,,,,,none,,,,,,0.0,,,Mutant,,,,,,,,,
LLLYFLLGVLLGTLLSLLILI,,,,,,,none,,,,,,0.0,,,Mutant,,,,,,,,,
LLLTFLLGVLLGLLLGSLILI,,,,,,,none,,,,,,0.0,,,Mutant,,,,,,,,,
LLLYFLLGVLLGTLLGLLILI,,,,,,,none,,,,,,0.0,,,Mutant,,,,,,,,,
LLLSYLLGVLLGLLLGTLILI,,,,,,,none,,,,,,0.0,,,Mutant,,,,,,,,,
LLLALLLGLLLGVLLGSLILI,,,,,,,none,,,,,,0.0,,,Mutant,,,,,,,,,
LLLVILLTLLLGALLGFLILI,,,,,,,none,,,,,,0.0,,,Mutant,,,,,,,,,
LLLYFLLGLLLGVLLASLILI,,,,,,,none,,,,,,0.0,,,Mutant,,,,,,,,,
LLLYFLLGLLLGVLLSTLILI,,,,,,,none,,,,,,0.0,,,Mutant,,,,,,,,,
LLLYFLLGVLLGLLLGSLILI,,,,,,,none,,,,,,0.0,,,Mutant,,,,,,,,,
LLLYLLLALLLGFLLGTLILI,,,,,,,none,,,,,,0.0,,,Mutant,,,,,,,,,
LLLLFLLGTLLGVLLASLILI,,,,,,,none,,,,,,0.0,,,Mutant,,,,,,,,,
LLLYSLLTALLGLLLGFLILI,,,,,,,none,,,,,,0.0,,,Mutant,,,,,,,,,
LLLYYLLAFLLGTLLGLLILI,,,,,,,none,,,,,,0.0,,,Mutant,,,,,,,,,
LLLYILLGLLLGTLLSFLILI,,,,,,,none,,,,,,0.0,,,Mutant,,,,,,,,,
